{"Test name":"Test Check Distribution","Mode":"Bins","Bits":64,"Hash name":"BuzHash","Bar count":16,"Bin size":137438953472,"X ranges":[576460683583946752,1729382188190793728,2882303692797640704,4035225197404487680,5188146702011334656,6341068206618181632,7493989711225028608,8646911215831875584,576460683583946752,1729382188190793728,2882303692797640704,4035225197404487680,5188146702011334656,6341068206618181632,7493989711225028608,8646911215831875584],"Y mean":[3.200141453742981E1,3.1998486280441284E1,3.200158667564392E1,3.199918484687805E1,3.2000405073165894E1,3.1998527765274048E1,3.2000645875930786E1,3.20000159740448E1,3.199994969367981E1,3.20008761882782E1,3.199833083152771E1,3.200010418891907E1,3.1999504804611206E1,3.200098252296448E1,3.199919056892395E1,3.200079417228699E1],"Y err min":[2.500141453742981E1,2.4998486280441284E1,2.400158667564392E1,2.499918484687805E1,2.6000405073165894E1,2.5998527765274048E1,2.5000645875930786E1,2.40000159740448E1,2.599994969367981E1,2.50008761882782E1,2.599833083152771E1,2.5000104188919067E1,2.3999504804611206E1,2.5000982522964478E1,2.499919056892395E1,2.7000794172286987E1],"Y err max":[3.299858546257019E1,3.3001513719558716E1,3.299841332435608E1,3.500081515312195E1,3.7999594926834106E1,3.200147223472595E1,3.2999354124069214E1,3.19999840259552E1,3.200005030632019E1,3.39991238117218E1,3.500166916847229E1,3.299989581108093E1,3.1000495195388794E1,3.699901747703552E1,3.400080943107605E1,3.299920582771301E1],"Y min":[7,7,8,7,6,6,7,8,6,7,6,7,8,7,7,5],"Y max":[65,65,65,67,70,64,65,64,64,66,67,65,63,69,66,65]}