{"Test name":"Test Check Distribution","Mode":"Bins","Bits":64,"Hash name":"CityHash64","Bar count":16,"Bin size":137438953472,"X ranges":[576460683583946752,1729382188190793728,2882303692797640704,4035225197404487680,5188146702011334656,6341068206618181632,7493989711225028608,8646911215831875584,576460683583946752,1729382188190793728,2882303692797640704,4035225197404487680,5188146702011334656,6341068206618181632,7493989711225028608,8646911215831875584],"Y mean":[3.1999152421951294E1,3.2000465869903564E1,3.200301480293274E1,3.199751305580139E1,3.200393307209015E1,3.2000824213027954E1,3.1998506784439087E1,3.1999075889587402E1,3.1998502612113953E1,3.1999201774597168E1,3.200200831890106E1,3.199899935722351E1,3.200097072124481E1,3.200064158439636E1,3.199797224998474E1,3.199921727180481E1],"Y err min":[2.3999152421951294E1,2.4000465869903564E1,2.500301480293274E1,2.399751305580139E1,2.400393307209015E1,2.4000824213027954E1,2.4998506784439087E1,2.3999075889587402E1,2.4998502612113953E1,2.5999201774597168E1,2.5002008318901062E1,2.399899935722351E1,2.6000970721244812E1,2.5000641584396362E1,2.499797224998474E1,2.599921727180481E1],"Y err max":[3.3000847578048706E1,3.3999534130096436E1,3.299698519706726E1,3.500248694419861E1,3.399606692790985E1,3.2999175786972046E1,3.300149321556091E1,3.60009241104126E1,3.300149738788605E1,3.200079822540283E1,3.599799168109894E1,3.200100064277649E1,3.399902927875519E1,3.1999358415603638E1,3.400202775001526E1,3.200078272819519E1],"Y min":[8,8,7,8,8,8,7,8,7,6,7,8,6,7,7,6],"Y max":[65,66,65,67,66,65,65,68,65,64,68,64,66,64,66,64]}