{"Test name":"Test Check Distribution","Mode":"Mask","Bits":64,"Hash name":"CityHash64","Bar count":16,"Bin size":1,"X ranges":[524287,1572863,2621439,3670015,4718591,5767167,6815743,7864319,8912895,9961471,11010047,12058623,13107199,14155775,15204351,16252927],"Y mean":[9.999465942382812E-1,9.994935989379883E-1,9.996891021728516E-1,1.000136375427246E0,9.991836547851562E-1,1.0005674362182617E0,9.998979568481445E-1,9.978952407836914E-1,1.000046730041504E0,9.99516487121582E-1,9.99781608581543E-1,1.0000267028808594E0,1.0019187927246094E0,9.995870590209961E-1,1.0009613037109375E0,1.0013513565063477E0],"Y err min":[9.999465942382812E-1,9.994935989379883E-1,9.996891021728516E-1,1.000136375427246E0,9.991836547851562E-1,1.0005674362182617E0,9.998979568481445E-1,9.978952407836914E-1,1.000046730041504E0,9.99516487121582E-1,9.99781608581543E-1,1.0000267028808594E0,1.0019187927246094E0,9.995870590209961E-1,1.0009613037109375E0,1.0013513565063477E0],"Y err max":[7.000053405761719E0,8.000506401062012E0,8.000310897827148E0,6.999863624572754E0,7.000816345214844E0,6.999432563781738E0,7.0001020431518555E0,8.002104759216309E0,7.999953269958496E0,8.000483512878418E0,8.000218391418457E0,7.999973297119141E0,8.99808120727539E0,8.000412940979004E0,7.9990386962890625E0,7.998648643493652E0],"Y min":[0,0,0,0,0,0,0,0,0,0,0,0,0,0,0,0],"Y max":[8,9,9,8,8,8,8,9,9,9,9,9,10,9,9,9]}