{"Test name":"Test Check Distribution","Mode":"Bins","Bits":64,"Hash name":"FarmHash64","Bar count":16,"Bin size":137438953472,"X ranges":[576460683583946752,1729382188190793728,2882303692797640704,4035225197404487680,5188146702011334656,6341068206618181632,7493989711225028608,8646911215831875584,576460683583946752,1729382188190793728,2882303692797640704,4035225197404487680,5188146702011334656,6341068206618181632,7493989711225028608,8646911215831875584],"Y mean":[3.200017988681793E1,3.199814212322235E1,3.1998510599136353E1,3.1998027443885803E1,3.200282108783722E1,3.1998873710632324E1,3.19960116147995E1,3.199896466732025E1,3.2002180099487305E1,3.200098478794098E1,3.199875044822693E1,3.1999426007270813E1,3.2002493500709534E1,3.2005072712898254E1,3.20024551153183E1,3.1997106194496155E1],"Y err min":[2.5000179886817932E1,2.499814212322235E1,2.3998510599136353E1,2.4998027443885803E1,2.500282108783722E1,2.3998873710632324E1,2.49960116147995E1,2.399896466732025E1,2.4002180099487305E1,2.400098478794098E1,2.399875044822693E1,2.4999426007270813E1,2.5002493500709534E1,2.4005072712898254E1,2.40024551153183E1,2.4997106194496155E1],"Y err max":[3.499982011318207E1,3.300185787677765E1,3.400148940086365E1,3.40019725561142E1,3.499717891216278E1,3.2001126289367676E1,3.70039883852005E1,3.200103533267975E1,3.4997819900512695E1,3.599901521205902E1,3.300124955177307E1,3.500057399272919E1,3.1997506499290466E1,3.2994927287101746E1,3.69975448846817E1,3.2002893805503845E1],"Y min":[7,7,8,7,7,8,7,8,8,8,8,7,7,8,8,7],"Y max":[67,65,66,66,67,64,69,64,67,68,65,67,64,65,69,64]}