{"Test name":"Test Check Distribution","Mode":"Mask","Bits":64,"Hash name":"FarmHash64","Bar count":16,"Bin size":1,"X ranges":[524287,1572863,2621439,3670015,4718591,5767167,6815743,7864319,8912895,9961471,11010047,12058623,13107199,14155775,15204351,16252927],"Y mean":[1.0002555847167969E0,1.0000152587890625E0,1.0003042221069336E0,9.992036819458008E-1,9.995718002319336E-1,1.0008544921875E0,9.987630844116211E-1,1.0003414154052734E0,1.0000591278076172E0,9.995365142822266E-1,1.0005426406860352E0,1.0003023147583008E0,1.000046730041504E0,1.0016374588012695E0,1.000554084777832E0,9.98011589050293E-1],"Y err min":[1.0002555847167969E0,1.0000152587890625E0,1.0003042221069336E0,9.992036819458008E-1,9.995718002319336E-1,1.0008544921875E0,9.987630844116211E-1,1.0003414154052734E0,1.0000591278076172E0,9.995365142822266E-1,1.0005426406860352E0,1.0003023147583008E0,1.000046730041504E0,1.0016374588012695E0,1.000554084777832E0,9.98011589050293E-1],"Y err max":[6.999744415283203E0,7.9999847412109375E0,7.999695777893066E0,8.0007963180542E0,7.000428199768066E0,7.9991455078125E0,7.001236915588379E0,7.999658584594727E0,7.999940872192383E0,9.000463485717773E0,6.999457359313965E0,7.999697685241699E0,6.999953269958496E0,7.9983625411987305E0,6.999445915222168E0,8.001988410949707E0],"Y min":[0,0,0,0,0,0,0,0,0,0,0,0,0,0,0,0],"Y max":[8,9,9,9,8,9,8,9,9,10,8,9,8,9,8,9]}