{"Test name":"Test Check Distribution","Mode":"Bins","Bits":64,"Hash name":"Fast-Hash","Bar count":16,"Bin size":137438953472,"X ranges":[576460683583946752,1729382188190793728,2882303692797640704,4035225197404487680,5188146702011334656,6341068206618181632,7493989711225028608,8646911215831875584,576460683583946752,1729382188190793728,2882303692797640704,4035225197404487680,5188146702011334656,6341068206618181632,7493989711225028608,8646911215831875584],"Y mean":[3.199991226196289E1,3.1998722672462463E1,3.199623453617096E1,3.2004021644592285E1,3.1998868942260742E1,3.1999911308288574E1,3.1998916387557983E1,3.1998056650161743E1,3.1999624013900757E1,3.1999885201454163E1,3.200345253944397E1,3.2000367403030396E1,3.199979329109192E1,3.2000592827796936E1,3.2001657485961914E1,3.1999982833862305E1],"Y err min":[2.499991226196289E1,2.5998722672462463E1,2.399623453617096E1,2.5004021644592285E1,2.3998868942260742E1,2.3999911308288574E1,2.4998916387557983E1,2.4998056650161743E1,2.3999624013900757E1,2.3999885201454163E1,2.400345253944397E1,2.6000367403030396E1,2.499979329109192E1,2.4000592827796936E1,2.3001657485961914E1,2.3999982833862305E1],"Y err max":[3.600008773803711E1,3.800127732753754E1,3.200376546382904E1,3.5995978355407715E1,3.200113105773926E1,3.1000088691711426E1,3.400108361244202E1,3.200194334983826E1,3.500037598609924E1,3.700011479854584E1,3.399654746055603E1,3.2999632596969604E1,3.500020670890808E1,3.2999407172203064E1,3.2998342514038086E1,3.5000017166137695E1],"Y min":[7,6,8,7,8,8,7,7,8,8,8,6,7,8,9,8],"Y max":[68,70,64,68,64,63,66,64,67,69,66,65,67,65,65,67]}