{"Test name":"Test Check Distribution","Mode":"Bins","Bits":64,"Hash name":"FNV-1a","Bar count":16,"Bin size":137438953472,"X ranges":[576460683583946752,1729382188190793728,2882303692797640704,4035225197404487680,5188146702011334656,6341068206618181632,7493989711225028608,8646911215831875584,576460683583946752,1729382188190793728,2882303692797640704,4035225197404487680,5188146702011334656,6341068206618181632,7493989711225028608,8646911215831875584],"Y mean":[3.200000882148743E1,3.1999982833862305E1,3.2000006318092346E1,3.200003504753113E1,3.1999984622001648E1,3.1999976754188538E1,3.200004529953003E1,3.199998700618744E1,3.199997329711914E1,3.200004255771637E1,3.200000178813934E1,3.1999958992004395E1,3.200001060962677E1,3.200002562999725E1,3.199998164176941E1,3.199997878074646E1],"Y err min":[1.7000008821487427E1,1.6999982833862305E1,1.7000006318092346E1,1.6000035047531128E1,1.6999984622001648E1,1.6999976754188538E1,1.700004529953003E1,1.699998700618744E1,1.699997329711914E1,1.700004255771637E1,1.7000001788139343E1,1.7999958992004395E1,1.700001060962677E1,1.7000025629997253E1,1.699998164176941E1,1.699997878074646E1],"Y err max":[1.9999991178512573E1,1.8000017166137695E1,1.7999993681907654E1,1.8999964952468872E1,1.9000015377998352E1,1.8000023245811462E1,1.799995470046997E1,1.800001299381256E1,1.900002670288086E1,1.899995744228363E1,1.8999998211860657E1,2.0000041007995605E1,1.899998939037323E1,1.9999974370002747E1,2.000001835823059E1,1.900002121925354E1],"Y min":[15,15,15,16,15,15,15,15,15,15,15,14,15,15,15,15],"Y max":[52,50,50,51,51,50,50,50,51,51,51,52,51,52,52,51]}