{"Test name":"Test Check Distribution","Mode":"Bins","Bits":64,"Hash name":"MetroHash64","Bar count":16,"Bin size":137438953472,"X ranges":[576460683583946752,1729382188190793728,2882303692797640704,4035225197404487680,5188146702011334656,6341068206618181632,7493989711225028608,8646911215831875584,576460683583946752,1729382188190793728,2882303692797640704,4035225197404487680,5188146702011334656,6341068206618181632,7493989711225028608,8646911215831875584],"Y mean":[3.20005007982254E1,3.200212371349335E1,3.199741768836975E1,3.199991261959076E1,3.1997612833976746E1,3.200235438346863E1,3.199690067768097E1,3.199855363368988E1,3.200118696689606E1,3.199830174446106E1,3.200285518169403E1,3.1998430967330933E1,3.200457513332367E1,3.200055992603302E1,3.200000703334808E1,3.1998706698417664E1],"Y err min":[2.4000500798225403E1,2.4002123713493347E1,2.399741768836975E1,2.599991261959076E1,2.3997612833976746E1,2.6002354383468628E1,2.499690067768097E1,2.499855363368988E1,2.6001186966896057E1,2.399830174446106E1,2.600285518169403E1,2.5998430967330933E1,2.400457513332367E1,2.500055992603302E1,2.4000007033348083E1,2.5998706698417664E1],"Y err max":[3.39994992017746E1,3.299787628650665E1,3.400258231163025E1,3.300008738040924E1,3.9002387166023254E1,3.299764561653137E1,3.600309932231903E1,3.200144636631012E1,3.499881303310394E1,3.300169825553894E1,3.399714481830597E1,3.400156903266907E1,3.499542486667633E1,3.799944007396698E1,3.399999296665192E1,3.3001293301582336E1],"Y min":[8,8,8,6,8,6,7,7,6,8,6,6,8,7,8,6],"Y max":[66,65,66,65,71,65,68,64,67,65,66,66,67,70,66,65]}