{"Test name":"Test Check Distribution","Mode":"Mask","Bits":64,"Hash name":"MetroHash64","Bar count":16,"Bin size":1,"X ranges":[524287,1572863,2621439,3670015,4718591,5767167,6815743,7864319,8912895,9961471,11010047,12058623,13107199,14155775,15204351,16252927],"Y mean":[1.0015525817871094E0,9.998664855957031E-1,9.986305236816406E-1,9.999551773071289E-1,9.991264343261719E-1,9.994277954101562E-1,9.987211227416992E-1,1.000086784362793E0,9.998464584350586E-1,9.984703063964844E-1,1.0004901885986328E0,9.990940093994141E-1,1.000802993774414E0,1.000082015991211E0,1.0018835067749023E0,1.0019636154174805E0],"Y err min":[1.0015525817871094E0,9.998664855957031E-1,9.986305236816406E-1,9.999551773071289E-1,9.991264343261719E-1,9.994277954101562E-1,9.987211227416992E-1,1.000086784362793E0,9.998464584350586E-1,9.984703063964844E-1,1.0004901885986328E0,9.990940093994141E-1,1.000802993774414E0,1.000082015991211E0,1.0018835067749023E0,1.0019636154174805E0],"Y err max":[7.998447418212891E0,8.000133514404297E0,8.00136947631836E0,8.000044822692871E0,8.000873565673828E0,8.000572204589844E0,9.0012788772583E0,7.999913215637207E0,8.000153541564941E0,7.001529693603516E0,7.999509811401367E0,8.000905990600586E0,7.999197006225586E0,6.999917984008789E0,6.998116493225098E0,6.9980363845825195E0],"Y min":[0,0,0,0,0,0,0,0,0,0,0,0,0,0,0,0],"Y max":[9,9,9,9,9,9,10,9,9,8,9,9,9,8,8,8]}