{"Test name":"Test Check Distribution","Mode":"Bins","Bits":64,"Hash name":"MurmurHash2 64 bits","Bar count":16,"Bin size":137438953472,"X ranges":[576460683583946752,1729382188190793728,2882303692797640704,4035225197404487680,5188146702011334656,6341068206618181632,7493989711225028608,8646911215831875584,576460683583946752,1729382188190793728,2882303692797640704,4035225197404487680,5188146702011334656,6341068206618181632,7493989711225028608,8646911215831875584],"Y mean":[3.1998377203941345E1,3.1998940229415894E1,3.1997543931007385E1,3.1997637391090393E1,3.200146448612213E1,3.2002217292785645E1,3.1997957229614258E1,3.2002601742744446E1,3.199826669692993E1,3.200187563896179E1,3.200075006484985E1,3.2003661155700684E1,3.2000632882118225E1,3.1998030066490173E1,3.200240874290466E1,3.199763524532318E1],"Y err min":[2.4998377203941345E1,2.3998940229415894E1,2.4997543931007385E1,2.4997637391090393E1,2.400146448612213E1,2.5002217292785645E1,2.4997957229614258E1,2.5002601742744446E1,2.499826669692993E1,2.5001875638961792E1,2.5000750064849854E1,2.5003661155700684E1,2.5000632882118225E1,2.4998030066490173E1,2.5002408742904663E1,2.499763524532318E1],"Y err max":[3.2001622796058655E1,3.3001059770584106E1,3.4002456068992615E1,3.400236260890961E1,3.699853551387787E1,3.1997782707214355E1,3.200204277038574E1,3.1997398257255554E1,3.200173330307007E1,3.299812436103821E1,3.499924993515015E1,3.3996338844299316E1,3.3999367117881775E1,3.500196993350983E1,3.499759125709534E1,3.800236475467682E1],"Y min":[7,8,7,7,8,7,7,7,7,7,7,7,7,7,7,7],"Y max":[64,65,66,66,69,64,64,64,64,65,67,66,66,67,67,70]}