{"Test name":"Test Check Distribution","Mode":"Mask","Bits":64,"Hash name":"MurmurHash2 64 bits","Bar count":16,"Bin size":1,"X ranges":[524287,1572863,2621439,3670015,4718591,5767167,6815743,7864319,8912895,9961471,11010047,12058623,13107199,14155775,15204351,16252927],"Y mean":[1.0017757415771484E0,1.000701904296875E0,1.0011091232299805E0,9.990243911743164E-1,9.987344741821289E-1,1.0000505447387695E0,9.999608993530273E-1,9.990034103393555E-1,1.0000839233398438E0,1.000478744506836E0,1.0007438659667969E0,9.979228973388672E-1,9.997920989990234E-1,1.0009431838989258E0,9.996719360351562E-1,1.0000028610229492E0],"Y err min":[1.0017757415771484E0,1.000701904296875E0,1.0011091232299805E0,9.990243911743164E-1,9.987344741821289E-1,1.0000505447387695E0,9.999608993530273E-1,9.990034103393555E-1,1.0000839233398438E0,1.000478744506836E0,1.0007438659667969E0,9.979228973388672E-1,9.997920989990234E-1,1.0009431838989258E0,9.996719360351562E-1,1.0000028610229492E0],"Y err max":[6.998224258422852E0,7.999298095703125E0,7.9988908767700195E0,7.000975608825684E0,8.001265525817871E0,7.9999494552612305E0,7.000039100646973E0,8.000996589660645E0,6.999916076660156E0,6.999521255493164E0,6.999256134033203E0,8.002077102661133E0,8.000207901000977E0,7.999056816101074E0,8.000328063964844E0,7.999997138977051E0],"Y min":[0,0,0,0,0,0,0,0,0,0,0,0,0,0,0,0],"Y max":[8,9,9,8,9,9,8,9,8,8,8,9,9,9,9,9]}