{"Test name":"Test Check Distribution","Mode":"Bins","Bits":64,"Hash name":"One at a time","Bar count":16,"Bin size":137438953472,"X ranges":[576460683583946752,1729382188190793728,2882303692797640704,4035225197404487680,5188146702011334656,6341068206618181632,7493989711225028608,8646911215831875584,576460683583946752,1729382188190793728,2882303692797640704,4035225197404487680,5188146702011334656,6341068206618181632,7493989711225028608,8646911215831875584],"Y mean":[3.1997925519943237E1,3.200093388557434E1,3.1999788403511047E1,3.199898862838745E1,3.200066304206848E1,3.199838352203369E1,3.1999278903007507E1,3.199821412563324E1,3.1999373078346252E1,3.2006553292274475E1,3.1999795079231262E1,3.1997885584831238E1,3.1997940182685852E1,3.1999884605407715E1,3.200291991233826E1,3.200147223472595E1],"Y err min":[2.4997925519943237E1,2.500093388557434E1,2.4999788403511047E1,2.399898862838745E1,2.500066304206848E1,2.399838352203369E1,2.3999278903007507E1,2.499821412563324E1,2.4999373078346252E1,2.4006553292274475E1,2.3999795079231262E1,2.3997885584831238E1,2.3997940182685852E1,2.5999884605407715E1,2.6002919912338257E1,2.5001472234725952E1],"Y err max":[3.400207448005676E1,3.299906611442566E1,3.800021159648895E1,3.300101137161255E1,3.699933695793152E1,3.400161647796631E1,3.400072109699249E1,3.600178587436676E1,3.200062692165375E1,3.6993446707725525E1,3.200020492076874E1,3.500211441516876E1,3.300205981731415E1,3.5000115394592285E1,3.499708008766174E1,3.599852776527405E1],"Y min":[7,7,7,8,7,8,8,7,7,8,8,8,8,6,6,7],"Y max":[66,65,70,65,69,66,66,68,64,69,64,67,65,67,67,68]}