{"Test name":"Test Check Distribution","Mode":"Bins","Bits":64,"Hash name":"SDBM","Bar count":16,"Bin size":137438953472,"X ranges":[576460683583946752,1729382188190793728,2882303692797640704,4035225197404487680,5188146702011334656,6341068206618181632,7493989711225028608,8646911215831875584,576460683583946752,1729382188190793728,2882303692797640704,4035225197404487680,5188146702011334656,6341068206618181632,7493989711225028608,8646911215831875584],"Y mean":[3.200000476837158E1,3.1999996423721313E1,3.1999993562698364E1,3.200000214576721E1,3.200000512599945E1,3.200000548362732E1,3.1999995708465576E1,3.1999990105628967E1,3.199999737739563E1,3.200000333786011E1,3.2000006794929504E1,3.1999997854232788E1,3.1999993681907654E1,3.1999993801116943E1,3.200000441074371E1,3.2000009417533875E1],"Y err min":[1.2000004768371582E1,1.1999996423721313E1,1.2999993562698364E1,1.2000002145767212E1,1.200000512599945E1,1.200000548362732E1,1.1999995708465576E1,1.1999990105628967E1,1.199999737739563E1,1.2000003337860107E1,1.2000006794929504E1,1.1999997854232788E1,1.1999993681907654E1,1.2999993801116943E1,1.2000004410743713E1,1.2000009417533875E1],"Y err max":[1.0999995231628418E1,1.1000003576278687E1,1.1000006437301636E1,1.0999997854232788E1,1.099999487400055E1,1.099999451637268E1,1.1000004291534424E1,1.1000009894371033E1,1.100000262260437E1,1.0999996662139893E1,1.0999993205070496E1,1.1000002145767212E1,1.1000006318092346E1,1.1000006198883057E1,1.0999995589256287E1,1.0999990582466125E1],"Y min":[20,20,19,20,20,20,20,20,20,20,20,20,20,19,20,20],"Y max":[43,43,43,43,43,43,43,43,43,43,43,43,43,43,43,43]}