{"Test name":"Test Check Distribution","Mode":"Bins","Bits":64,"Hash name":"SpookyHash","Bar count":16,"Bin size":137438953472,"X ranges":[576460683583946752,1729382188190793728,2882303692797640704,4035225197404487680,5188146702011334656,6341068206618181632,7493989711225028608,8646911215831875584,576460683583946752,1729382188190793728,2882303692797640704,4035225197404487680,5188146702011334656,6341068206618181632,7493989711225028608,8646911215831875584],"Y mean":[3.199820339679718E1,3.1995028495788574E1,3.1999983549118042E1,3.200535750389099E1,3.20007244348526E1,3.199696457386017E1,3.200325083732605E1,3.199916172027588E1,3.199782931804657E1,3.1997731566429138E1,3.200245690345764E1,3.200186800956726E1,3.199902904033661E1,3.199865484237671E1,3.200176680088043E1,3.2001989006996155E1],"Y err min":[2.699820339679718E1,2.3995028495788574E1,2.3999983549118042E1,2.400535750389099E1,2.50007244348526E1,2.499696457386017E1,2.400325083732605E1,2.399916172027588E1,2.399782931804657E1,2.3997731566429138E1,2.500245690345764E1,2.400186800956726E1,2.599902904033661E1,2.499865484237671E1,2.4001766800880432E1,2.6001989006996155E1],"Y err max":[3.400179660320282E1,3.3004971504211426E1,3.400001645088196E1,3.399464249610901E1,3.29992755651474E1,3.600303542613983E1,3.399674916267395E1,3.300083827972412E1,3.400217068195343E1,3.400226843357086E1,3.399754309654236E1,3.199813199043274E1,3.200097095966339E1,3.100134515762329E1,3.399823319911957E1,3.2998010993003845E1],"Y min":[5,8,8,8,7,7,8,8,8,8,7,8,6,7,8,6],"Y max":[66,65,66,66,65,68,66,65,66,66,66,64,64,63,66,65]}