{"Test name":"Test Check Distribution","Mode":"Mask","Bits":64,"Hash name":"T1HA2 atonce","Bar count":16,"Bin size":1,"X ranges":[524287,1572863,2621439,3670015,4718591,5767167,6815743,7864319,8912895,9961471,11010047,12058623,13107199,14155775,15204351,16252927],"Y mean":[1.0001287460327148E0,1.0009727478027344E0,1.001922607421875E0,9.986610412597656E-1,9.995937347412109E-1,9.991750717163086E-1,1.0003128051757812E0,9.988470077514648E-1,1.0002937316894531E0,1.0007686614990234E0,9.984989166259766E-1,1.0014371871948242E0,9.997673034667969E-1,9.994602203369141E-1,1.0000495910644531E0,1.0001106262207031E0],"Y err min":[1.0001287460327148E0,1.0009727478027344E0,1.001922607421875E0,9.986610412597656E-1,9.995937347412109E-1,9.991750717163086E-1,1.0003128051757812E0,9.988470077514648E-1,1.0002937316894531E0,1.0007686614990234E0,9.984989166259766E-1,1.0014371871948242E0,9.997673034667969E-1,9.994602203369141E-1,1.0000495910644531E0,1.0001106262207031E0],"Y err max":[6.999871253967285E0,7.999027252197266E0,8.998077392578125E0,7.001338958740234E0,7.000406265258789E0,8.000824928283691E0,6.999687194824219E0,7.001152992248535E0,7.999706268310547E0,7.999231338500977E0,8.001501083374023E0,7.998562812805176E0,9.000232696533203E0,9.000539779663086E0,6.999950408935547E0,6.999889373779297E0],"Y min":[0,0,0,0,0,0,0,0,0,0,0,0,0,0,0,0],"Y max":[8,9,10,8,8,9,8,8,9,9,9,9,10,10,8,8]}