{"Test name":"Test Check Distribution","Mode":"Mask","Bits":64,"Hash name":"T1HA1 le","Bar count":16,"Bin size":1,"X ranges":[524287,1572863,2621439,3670015,4718591,5767167,6815743,7864319,8912895,9961471,11010047,12058623,13107199,14155775,15204351,16252927],"Y mean":[9.993505477905273E-1,1.0006132125854492E0,9.997148513793945E-1,9.99567985534668E-1,9.979562759399414E-1,9.995002746582031E-1,9.99298095703125E-1,1.0017404556274414E0,1.0001344680786133E0,9.990959167480469E-1,9.995632171630859E-1,1.0005226135253906E0,9.998512268066406E-1,1.000753402709961E0,1.0009546279907227E0,1.001382827758789E0],"Y err min":[9.993505477905273E-1,1.0006132125854492E0,9.997148513793945E-1,9.99567985534668E-1,9.979562759399414E-1,9.995002746582031E-1,9.99298095703125E-1,1.0017404556274414E0,1.0001344680786133E0,9.990959167480469E-1,9.995632171630859E-1,1.0005226135253906E0,9.998512268066406E-1,1.000753402709961E0,1.0009546279907227E0,1.001382827758789E0],"Y err max":[8.000649452209473E0,7.999386787414551E0,7.0002851486206055E0,7.000432014465332E0,8.002043724060059E0,8.000499725341797E0,8.000701904296875E0,7.998259544372559E0,7.999865531921387E0,8.000904083251953E0,9.000436782836914E0,6.999477386474609E0,8.00014877319336E0,9.999246597290039E0,8.999045372009277E0,6.998617172241211E0],"Y min":[0,0,0,0,0,0,0,0,0,0,0,0,0,0,0,0],"Y max":[9,9,8,8,9,9,9,9,9,9,10,8,9,11,10,8]}