{"Test name":"Test Check Distribution","Mode":"Bins","Bits":64,"Hash name":"T1HA1 le","Bar count":16,"Bin size":137438953472,"X ranges":[576460683583946752,1729382188190793728,2882303692797640704,4035225197404487680,5188146702011334656,6341068206618181632,7493989711225028608,8646911215831875584,576460683583946752,1729382188190793728,2882303692797640704,4035225197404487680,5188146702011334656,6341068206618181632,7493989711225028608,8646911215831875584],"Y mean":[3.200019609928131E1,3.1999945402145386E1,3.1999444842338562E1,3.1998586297035217E1,3.2000725865364075E1,3.200098490715027E1,3.1997411966323853E1,3.200254034996033E1,3.1998745441436768E1,3.200123953819275E1,3.20027220249176E1,3.1997827887535095E1,3.200163972377777E1,3.200040364265442E1,3.1999495148658752E1,3.1998090863227844E1],"Y err min":[2.400019609928131E1,2.4999945402145386E1,2.4999444842338562E1,2.5998586297035217E1,2.5000725865364075E1,2.500098490715027E1,2.3997411966323853E1,2.5002540349960327E1,2.4998745441436768E1,2.400123953819275E1,2.5002722024917603E1,2.4997827887535095E1,2.600163972377777E1,2.500040364265442E1,2.4999495148658752E1,2.4998090863227844E1],"Y err max":[3.299980390071869E1,3.2000054597854614E1,3.400055515766144E1,3.300141370296478E1,3.5999274134635925E1,3.399901509284973E1,3.600258803367615E1,3.1997459650039673E1,3.500125455856323E1,3.499876046180725E1,3.29972779750824E1,3.3002172112464905E1,3.499836027622223E1,3.299959635734558E1,3.500050485134125E1,3.4001909136772156E1],"Y min":[8,7,7,6,7,7,8,7,7,8,7,7,6,7,7,7],"Y max":[65,64,66,65,68,66,68,64,67,67,65,65,67,65,67,66]}