{"Test name":"Test Check Distribution","Mode":"Bins","Bits":64,"Hash name":"T1HA2 atonce","Bar count":16,"Bin size":137438953472,"X ranges":[576460683583946752,1729382188190793728,2882303692797640704,4035225197404487680,5188146702011334656,6341068206618181632,7493989711225028608,8646911215831875584,576460683583946752,1729382188190793728,2882303692797640704,4035225197404487680,5188146702011334656,6341068206618181632,7493989711225028608,8646911215831875584],"Y mean":[3.200117635726929E1,3.200046765804291E1,3.2000853419303894E1,3.20012925863266E1,3.1999642491340637E1,3.2000763177871704E1,3.1998658776283264E1,3.199973499774933E1,3.1996890425682068E1,3.200050377845764E1,3.1998916029930115E1,3.200044274330139E1,3.2002763628959656E1,3.199970531463623E1,3.1997435450553894E1,3.200075316429138E1],"Y err min":[2.6001176357269287E1,2.4000467658042908E1,2.6000853419303894E1,2.50012925863266E1,2.4999642491340637E1,2.5000763177871704E1,2.3998658776283264E1,2.499973499774933E1,2.3996890425682068E1,2.600050377845764E1,2.3998916029930115E1,2.900044274330139E1,2.5002763628959656E1,2.499970531463623E1,2.3997435450553894E1,2.5000753164291382E1],"Y err max":[3.399882364273071E1,3.399953234195709E1,3.5999146580696106E1,3.49987074136734E1,3.400035750865936E1,3.1999236822128296E1,3.4001341223716736E1,3.400026500225067E1,3.400310957431793E1,3.399949622154236E1,3.9001083970069885E1,3.499955725669861E1,3.1997236371040344E1,3.200029468536377E1,3.2002564549446106E1,3.499924683570862E1],"Y min":[6,8,6,7,7,7,8,7,8,6,8,3,7,7,8,7],"Y max":[66,66,68,67,66,64,66,66,66,66,71,67,64,64,64,67]}