{"Test name":"Test Check Distribution","Mode":"Mask","Bits":64,"Hash name":"T1HA1 be","Bar count":16,"Bin size":1,"X ranges":[524287,1572863,2621439,3670015,4718591,5767167,6815743,7864319,8912895,9961471,11010047,12058623,13107199,14155775,15204351,16252927],"Y mean":[9.992866516113281E-1,1.002293586730957E0,1.0010719299316406E0,1.0006141662597656E0,9.997081756591797E-1,1.0000743865966797E0,1.0014762878417969E0,9.984579086303711E-1,9.987421035766602E-1,9.991521835327148E-1,9.999141693115234E-1,9.995632171630859E-1,9.993772506713867E-1,1.0004158020019531E0,9.995298385620117E-1,1.0003223419189453E0],"Y err min":[9.992866516113281E-1,1.002293586730957E0,1.0010719299316406E0,1.0006141662597656E0,9.997081756591797E-1,1.0000743865966797E0,1.0014762878417969E0,9.984579086303711E-1,9.987421035766602E-1,9.991521835327148E-1,9.999141693115234E-1,9.995632171630859E-1,9.993772506713867E-1,1.0004158020019531E0,9.995298385620117E-1,1.0003223419189453E0],"Y err max":[8.000713348388672E0,1.0997706413269043E1,7.998928070068359E0,6.999385833740234E0,8.00029182434082E0,7.99992561340332E0,7.998523712158203E0,7.001542091369629E0,7.00125789642334E0,7.000847816467285E0,8.000085830688477E0,8.000436782836914E0,7.000622749328613E0,6.999584197998047E0,8.000470161437988E0,7.999677658081055E0],"Y min":[0,0,0,0,0,0,0,0,0,0,0,0,0,0,0,0],"Y max":[9,12,9,8,9,9,9,8,8,8,9,9,8,8,9,9]}