{"Test name":"Test Check Distribution","Mode":"Bins","Bits":64,"Hash name":"T1HA1 be","Bar count":16,"Bin size":137438953472,"X ranges":[576460683583946752,1729382188190793728,2882303692797640704,4035225197404487680,5188146702011334656,6341068206618181632,7493989711225028608,8646911215831875584,576460683583946752,1729382188190793728,2882303692797640704,4035225197404487680,5188146702011334656,6341068206618181632,7493989711225028608,8646911215831875584],"Y mean":[3.1998757243156433E1,3.199924921989441E1,3.1999372005462646E1,3.1998827576637268E1,3.1999908566474915E1,3.1996138095855713E1,3.1999448657035828E1,3.20000057220459E1,3.1997713446617126E1,3.1999011278152466E1,3.2002084374427795E1,3.200689888000488E1,3.2001433968544006E1,3.200323462486267E1,3.199927508831024E1,3.19986412525177E1],"Y err min":[2.3998757243156433E1,2.299924921989441E1,2.3999372005462646E1,2.4998827576637268E1,2.3999908566474915E1,2.3996138095855713E1,2.5999448657035828E1,2.40000057220459E1,2.4997713446617126E1,2.3999011278152466E1,2.5002084374427795E1,2.4006898880004883E1,2.4001433968544006E1,2.400323462486267E1,2.399927508831024E1,2.29986412525177E1],"Y err max":[3.500124275684357E1,3.400075078010559E1,3.500062799453735E1,3.300117242336273E1,3.7000091433525085E1,3.300386190414429E1,3.700055134296417E1,3.19999942779541E1,3.500228655338287E1,3.4000988721847534E1,3.3997915625572205E1,3.1993101119995117E1,3.4998566031455994E1,3.599676537513733E1,3.600072491168976E1,3.30013587474823E1],"Y min":[8,9,8,7,8,8,6,8,7,8,7,8,8,8,8,9],"Y max":[67,66,67,65,69,65,69,64,67,66,66,64,67,68,68,65]}