{"Test name":"Test Check Distribution","Mode":"Mask","Bits":64,"Hash name":"XXH3_64bits","Bar count":16,"Bin size":1,"X ranges":[524287,1572863,2621439,3670015,4718591,5767167,6815743,7864319,8912895,9961471,11010047,12058623,13107199,14155775,15204351,16252927],"Y mean":[1.0008611679077148E0,9.979171752929688E-1,1.000391960144043E0,9.999179840087891E-1,1.000473976135254E0,1.0021543502807617E0,9.988470077514648E-1,9.999513626098633E-1,9.997959136962891E-1,9.994888305664062E-1,1.0005817413330078E0,1.000253677368164E0,9.99995231628418E-1,9.991188049316406E-1,9.999895095825195E-1,1.0002613067626953E0],"Y err min":[1.0008611679077148E0,9.979171752929688E-1,1.000391960144043E0,9.999179840087891E-1,1.000473976135254E0,1.0021543502807617E0,9.988470077514648E-1,9.999513626098633E-1,9.997959136962891E-1,9.994888305664062E-1,1.0005817413330078E0,1.000253677368164E0,9.99995231628418E-1,9.991188049316406E-1,9.999895095825195E-1,1.0002613067626953E0],"Y err max":[7.999138832092285E0,8.002082824707031E0,7.999608039855957E0,8.000082015991211E0,7.999526023864746E0,7.997845649719238E0,7.001152992248535E0,9.000048637390137E0,8.000204086303711E0,8.000511169433594E0,7.999418258666992E0,6.999746322631836E0,8.000004768371582E0,8.00088119506836E0,7.0000104904174805E0,7.999738693237305E0],"Y min":[0,0,0,0,0,0,0,0,0,0,0,0,0,0,0,0],"Y max":[9,9,9,9,9,9,8,10,9,9,9,8,9,9,8,9]}