{"Test name":"Test Check Distribution","Mode":"Bins","Bits":64,"Hash name":"XXH3_64bits","Bar count":16,"Bin size":137438953472,"X ranges":[576460683583946752,1729382188190793728,2882303692797640704,4035225197404487680,5188146702011334656,6341068206618181632,7493989711225028608,8646911215831875584,576460683583946752,1729382188190793728,2882303692797640704,4035225197404487680,5188146702011334656,6341068206618181632,7493989711225028608,8646911215831875584],"Y mean":[3.1999907732009888E1,3.1999020218849182E1,3.200039982795715E1,3.2000531792640686E1,3.200004243850708E1,3.199873185157776E1,3.200274324417114E1,3.200088393688202E1,3.2000638365745544E1,3.199814534187317E1,3.2002068519592285E1,3.1998958110809326E1,3.199823009967804E1,3.2003161549568176E1,3.199635422229767E1,3.200018274784088E1],"Y err min":[2.3999907732009888E1,2.3999020218849182E1,2.4000399827957153E1,2.5000531792640686E1,2.300004243850708E1,2.499873185157776E1,2.6002743244171143E1,2.400088393688202E1,2.4000638365745544E1,2.599814534187317E1,2.5002068519592285E1,2.4998958110809326E1,2.499823009967804E1,2.6003161549568176E1,2.499635422229767E1,2.400018274784088E1],"Y err max":[3.400009226799011E1,3.400097978115082E1,3.499960017204285E1,3.6999468207359314E1,3.399995756149292E1,3.500126814842224E1,3.499725675582886E1,3.499911606311798E1,3.3999361634254456E1,3.400185465812683E1,3.2997931480407715E1,3.7001041889190674E1,3.700176990032196E1,3.0996838450431824E1,3.300364577770233E1,3.299981725215912E1],"Y min":[8,8,8,7,9,7,6,8,8,6,7,7,7,6,7,8],"Y max":[66,66,67,69,66,67,67,67,66,66,65,69,69,63,65,65]}