{"Test name":"Test Check Distribution","Mode":"Mask","Bits":64,"Hash name":"xxHash64","Bar count":16,"Bin size":1,"X ranges":[524287,1572863,2621439,3670015,4718591,5767167,6815743,7864319,8912895,9961471,11010047,12058623,13107199,14155775,15204351,16252927],"Y mean":[9.987764358520508E-1,1.0007028579711914E0,1.0016555786132812E0,9.991741180419922E-1,1.0008630752563477E0,1.0011777877807617E0,1.0001754760742188E0,1.0003166198730469E0,1.0005197525024414E0,1.0005388259887695E0,9.987649917602539E-1,9.991292953491211E-1,9.997406005859375E-1,9.998550415039062E-1,9.991874694824219E-1,9.994220733642578E-1],"Y err min":[9.987764358520508E-1,1.0007028579711914E0,1.0016555786132812E0,9.991741180419922E-1,1.0008630752563477E0,1.0011777877807617E0,1.0001754760742188E0,1.0003166198730469E0,1.0005197525024414E0,1.0005388259887695E0,9.987649917602539E-1,9.991292953491211E-1,9.997406005859375E-1,9.998550415039062E-1,9.991874694824219E-1,9.994220733642578E-1],"Y err max":[8.00122356414795E0,7.999297142028809E0,7.998344421386719E0,8.000825881958008E0,6.999136924743652E0,7.998822212219238E0,6.999824523925781E0,6.999683380126953E0,7.999480247497559E0,7.9994611740112305E0,8.001235008239746E0,8.000870704650879E0,7.0002593994140625E0,8.000144958496094E0,7.000812530517578E0,7.000577926635742E0],"Y min":[0,0,0,0,0,0,0,0,0,0,0,0,0,0,0,0],"Y max":[9,9,9,9,8,9,8,8,9,9,9,9,8,9,8,8]}