{"Test name":"Test Check Distribution","Mode":"Bins","Bits":64,"Hash name":"xxHash64","Bar count":16,"Bin size":137438953472,"X ranges":[576460683583946752,1729382188190793728,2882303692797640704,4035225197404487680,5188146702011334656,6341068206618181632,7493989711225028608,8646911215831875584,576460683583946752,1729382188190793728,2882303692797640704,4035225197404487680,5188146702011334656,6341068206618181632,7493989711225028608,8646911215831875584],"Y mean":[3.200150799751282E1,3.1996760487556458E1,3.1997663974761963E1,3.19992778301239E1,3.2001728892326355E1,3.200064969062805E1,3.200299799442291E1,3.1999923706054688E1,3.200226926803589E1,3.1998092651367188E1,3.1999239444732666E1,3.200302004814148E1,3.199985361099243E1,3.1998050808906555E1,3.200030505657196E1,3.1998658537864685E1],"Y err min":[2.4001507997512817E1,2.4996760487556458E1,2.4997663974761963E1,2.39992778301239E1,2.4001728892326355E1,2.400064969062805E1,2.5002997994422913E1,2.3999923706054688E1,2.500226926803589E1,2.3998092651367188E1,2.5999239444732666E1,2.400302004814148E1,2.499985361099243E1,2.3998050808906555E1,2.600030505657196E1,2.5998658537864685E1],"Y err max":[3.299849200248718E1,3.400323951244354E1,3.300233602523804E1,3.50007221698761E1,4.0998271107673645E1,3.299935030937195E1,3.499700200557709E1,3.1000076293945312E1,3.399773073196411E1,3.400190734863281E1,3.8000760555267334E1,3.199697995185852E1,3.500014638900757E1,3.3001949191093445E1,3.299969494342804E1,3.5001341462135315E1],"Y min":[8,7,7,8,8,8,7,8,7,8,6,8,7,8,6,6],"Y max":[65,66,65,67,73,65,67,63,66,66,70,64,67,65,65,67]}