{"Test name":"Test Check Distribution","Mode":"Normal","Bits":16,"Hash name":"BuzHash","Bar count":16,"Bin size":1,"X ranges":[2047,6143,10239,14335,18431,22527,26623,30719,34815,38911,43007,47103,51199,55295,59391,63487],"Y mean":[9.79736328125E-1,9.7119140625E-1,1.000244140625E0,1.01611328125E0,1.018798828125E0,1.0166015625E0,9.8193359375E-1,9.84619140625E-1,1.00830078125E0,9.74365234375E-1,1.010009765625E0,1.04443359375E0,1.025634765625E0,1.0048828125E0,9.72412109375E-1,9.9072265625E-1],"Y err min":[9.79736328125E-1,9.7119140625E-1,1.000244140625E0,1.01611328125E0,1.018798828125E0,1.0166015625E0,9.8193359375E-1,9.84619140625E-1,1.00830078125E0,9.74365234375E-1,1.010009765625E0,1.04443359375E0,1.025634765625E0,1.0048828125E0,9.72412109375E-1,9.9072265625E-1],"Y err max":[5.020263671875E0,5.02880859375E0,5.999755859375E0,4.98388671875E0,5.981201171875E0,3.9833984375E0,7.01806640625E0,5.015380859375E0,5.99169921875E0,6.025634765625E0,5.989990234375E0,4.95556640625E0,4.974365234375E0,4.9951171875E0,5.027587890625E0,5.00927734375E0],"Y min":[0,0,0,0,0,0,0,0,0,0,0,0,0,0,0,0],"Y max":[6,6,7,6,7,5,8,6,7,7,7,6,6,6,6,6]}