{"Test name":"Test Check Distribution","Mode":"Normal","Bits":16,"Hash name":"DJB2","Bar count":16,"Bin size":1,"X ranges":[2047,6143,10239,14335,18431,22527,26623,30719,34815,38911,43007,47103,51199,55295,59391,63487],"Y mean":[1E0,9.9853515625E-1,9.98046875E-1,1.0009765625E0,9.99755859375E-1,1.003173828125E0,1E0,9.95361328125E-1,1E0,1.00341796875E0,9.99267578125E-1,1.003173828125E0,9.98291015625E-1,9.95361328125E-1,1.00146484375E0,1.003173828125E0],"Y err min":[1E0,9.9853515625E-1,9.98046875E-1,1.0009765625E0,9.99755859375E-1,1.003173828125E0,1E0,9.95361328125E-1,1E0,1.00341796875E0,9.99267578125E-1,1.003173828125E0,9.98291015625E-1,9.95361328125E-1,1.00146484375E0,1.003173828125E0],"Y err max":[7E0,7.00146484375E0,7.001953125E0,6.9990234375E0,7.000244140625E0,6.996826171875E0,7E0,7.004638671875E0,7E0,6.99658203125E0,7.000732421875E0,6.996826171875E0,7.001708984375E0,7.004638671875E0,6.99853515625E0,6.996826171875E0],"Y min":[0,0,0,0,0,0,0,0,0,0,0,0,0,0,0,0],"Y max":[8,8,8,8,8,8,8,8,8,8,8,8,8,8,8,8]}