{"Test name":"Test Check Distribution","Mode":"Normal","Bits":16,"Hash name":"Fast-Hash","Bar count":16,"Bin size":1,"X ranges":[2047,6143,10239,14335,18431,22527,26623,30719,34815,38911,43007,47103,51199,55295,59391,63487],"Y mean":[1.011962890625E0,1.000732421875E0,1.013916015625E0,9.8193359375E-1,1.01025390625E0,1.001953125E0,9.95849609375E-1,9.90966796875E-1,1.0048828125E0,9.80712890625E-1,1.005126953125E0,1.029052734375E0,9.912109375E-1,9.90478515625E-1,9.80224609375E-1,1.0107421875E0],"Y err min":[1.011962890625E0,1.000732421875E0,1.013916015625E0,9.8193359375E-1,1.01025390625E0,1.001953125E0,9.95849609375E-1,9.90966796875E-1,1.0048828125E0,9.80712890625E-1,1.005126953125E0,1.029052734375E0,9.912109375E-1,9.90478515625E-1,9.80224609375E-1,1.0107421875E0],"Y err max":[5.988037109375E0,4.999267578125E0,5.986083984375E0,5.01806640625E0,4.98974609375E0,5.998046875E0,6.004150390625E0,5.009033203125E0,4.9951171875E0,5.019287109375E0,5.994873046875E0,5.970947265625E0,5.0087890625E0,4.009521484375E0,6.019775390625E0,3.9892578125E0],"Y min":[0,0,0,0,0,0,0,0,0,0,0,0,0,0,0,0],"Y max":[7,6,7,6,6,7,7,6,6,6,7,7,6,5,7,5]}