{"Test name":"Test Check Distribution","Mode":"Normal","Bits":16,"Hash name":"FNV-1a","Bar count":16,"Bin size":1,"X ranges":[2047,6143,10239,14335,18431,22527,26623,30719,34815,38911,43007,47103,51199,55295,59391,63487],"Y mean":[9.9755859375E-1,9.98779296875E-1,9.96826171875E-1,1.002197265625E0,9.97314453125E-1,9.9755859375E-1,1.000244140625E0,1.001953125E0,9.98046875E-1,9.9560546875E-1,9.95849609375E-1,1.008544921875E0,9.99267578125E-1,9.98291015625E-1,1.002197265625E0,1.009765625E0],"Y err min":[9.9755859375E-1,9.98779296875E-1,9.96826171875E-1,1.002197265625E0,9.97314453125E-1,9.9755859375E-1,1.000244140625E0,1.001953125E0,9.98046875E-1,9.9560546875E-1,9.95849609375E-1,1.008544921875E0,9.99267578125E-1,9.98291015625E-1,1.002197265625E0,1.009765625E0],"Y err max":[5.00244140625E0,6.001220703125E0,5.003173828125E0,3.997802734375E0,6.002685546875E0,6.00244140625E0,4.999755859375E0,4.998046875E0,6.001953125E0,6.00439453125E0,5.004150390625E0,3.991455078125E0,6.000732421875E0,5.001708984375E0,5.997802734375E0,4.990234375E0],"Y min":[0,0,0,0,0,0,0,0,0,0,0,0,0,0,0,0],"Y max":[6,7,6,5,7,7,6,6,7,7,6,5,7,6,7,6]}