{"Test name":"Test Check Distribution","Mode":"Normal","Bits":16,"Hash name":"One at a time","Bar count":16,"Bin size":1,"X ranges":[2047,6143,10239,14335,18431,22527,26623,30719,34815,38911,43007,47103,51199,55295,59391,63487],"Y mean":[9.89990234375E-1,1.00439453125E0,1.0078125E0,1.008544921875E0,9.58984375E-1,9.970703125E-1,9.9169921875E-1,9.9267578125E-1,1.0166015625E0,1.0126953125E0,1.0263671875E0,9.8876953125E-1,1.004150390625E0,9.5703125E-1,1.02197265625E0,1.021240234375E0],"Y err min":[9.89990234375E-1,1.00439453125E0,1.0078125E0,1.008544921875E0,9.58984375E-1,9.970703125E-1,9.9169921875E-1,9.9267578125E-1,1.0166015625E0,1.0126953125E0,1.0263671875E0,9.8876953125E-1,1.004150390625E0,9.5703125E-1,1.02197265625E0,1.021240234375E0],"Y err max":[4.010009765625E0,3.99560546875E0,3.9921875E0,3.991455078125E0,4.041015625E0,4.0029296875E0,4.00830078125E0,4.00732421875E0,3.9833984375E0,2.9873046875E0,3.9736328125E0,3.01123046875E0,3.995849609375E0,4.04296875E0,3.97802734375E0,3.978759765625E0],"Y min":[0,0,0,0,0,0,0,0,0,0,0,0,0,0,0,0],"Y max":[5,5,5,5,5,5,5,5,5,4,5,4,5,5,5,5]}