{"Test name":"Test Check Distribution","Mode":"Normal","Bits":16,"Hash name":"PearsonHash","Bar count":16,"Bin size":1,"X ranges":[2047,6143,10239,14335,18431,22527,26623,30719,34815,38911,43007,47103,51199,55295,59391,63487],"Y mean":[9.90234375E-1,1.005859375E0,9.9658203125E-1,9.9853515625E-1,9.94384765625E-1,9.94873046875E-1,1.00244140625E0,9.7607421875E-1,9.96337890625E-1,1.00146484375E0,9.8876953125E-1,9.97802734375E-1,1.021240234375E0,1.037109375E0,9.892578125E-1,1.009033203125E0],"Y err min":[9.90234375E-1,1.005859375E0,9.9658203125E-1,9.9853515625E-1,9.94384765625E-1,9.94873046875E-1,1.00244140625E0,9.7607421875E-1,9.96337890625E-1,1.00146484375E0,9.8876953125E-1,9.97802734375E-1,1.021240234375E0,1.037109375E0,9.892578125E-1,1.009033203125E0],"Y err max":[3.009765625E0,2.994140625E0,3.00341796875E0,3.00146484375E0,3.005615234375E0,3.005126953125E0,2.99755859375E0,3.02392578125E0,3.003662109375E0,2.99853515625E0,3.01123046875E0,3.002197265625E0,2.978759765625E0,2.962890625E0,3.0107421875E0,2.990966796875E0],"Y min":[0,0,0,0,0,0,0,0,0,0,0,0,0,0,0,0],"Y max":[4,4,4,4,4,4,4,4,4,4,4,4,4,4,4,4]}