{"Test name":"Test Check Distribution","Mode":"Normal","Bits":16,"Hash name":"SDBM","Bar count":16,"Bin size":1,"X ranges":[2047,6143,10239,14335,18431,22527,26623,30719,34815,38911,43007,47103,51199,55295,59391,63487],"Y mean":[9.9853515625E-1,1.002197265625E0,9.990234375E-1,1.0009765625E0,1.000244140625E0,9.9755859375E-1,1.00146484375E0,9.99755859375E-1,1E0,1.001953125E0,9.97802734375E-1,1.000244140625E0,1.000732421875E0,9.99755859375E-1,1.001220703125E0,9.9853515625E-1],"Y err min":[9.9853515625E-1,1.002197265625E0,9.990234375E-1,1.0009765625E0,1.000244140625E0,9.9755859375E-1,1.00146484375E0,9.99755859375E-1,1E0,1.001953125E0,9.97802734375E-1,1.000244140625E0,1.000732421875E0,9.99755859375E-1,1.001220703125E0,9.9853515625E-1],"Y err max":[4.00146484375E0,3.997802734375E0,4.0009765625E0,3.9990234375E0,3.999755859375E0,4.00244140625E0,3.99853515625E0,4.000244140625E0,4E0,3.998046875E0,4.002197265625E0,3.999755859375E0,3.999267578125E0,4.000244140625E0,3.998779296875E0,4.00146484375E0],"Y min":[0,0,0,0,0,0,0,0,0,0,0,0,0,0,0,0],"Y max":[5,5,5,5,5,5,5,5,5,5,5,5,5,5,5,5]}