{"Test name":"Test Check Distribution","Mode":"Normal","Bits":16,"Hash name":"SpookyHash","Bar count":16,"Bin size":1,"X ranges":[2047,6143,10239,14335,18431,22527,26623,30719,34815,38911,43007,47103,51199,55295,59391,63487],"Y mean":[1.01806640625E0,1.01513671875E0,9.95361328125E-1,9.85107421875E-1,9.7021484375E-1,1.018310546875E0,1.0029296875E0,9.89013671875E-1,1.01513671875E0,1.005615234375E0,1.0146484375E0,9.68994140625E-1,1.00732421875E0,9.99267578125E-1,1.0009765625E0,9.93896484375E-1],"Y err min":[1.01806640625E0,1.01513671875E0,9.95361328125E-1,9.85107421875E-1,9.7021484375E-1,1.018310546875E0,1.0029296875E0,9.89013671875E-1,1.01513671875E0,1.005615234375E0,1.0146484375E0,9.68994140625E-1,1.00732421875E0,9.99267578125E-1,1.0009765625E0,9.93896484375E-1],"Y err max":[6.98193359375E0,5.98486328125E0,5.004638671875E0,5.014892578125E0,5.02978515625E0,5.981689453125E0,4.9970703125E0,5.010986328125E0,4.98486328125E0,4.994384765625E0,5.9853515625E0,5.031005859375E0,4.99267578125E0,7.000732421875E0,4.9990234375E0,5.006103515625E0],"Y min":[0,0,0,0,0,0,0,0,0,0,0,0,0,0,0,0],"Y max":[8,7,6,6,6,7,6,6,6,6,7,6,6,8,6,6]}