{"Test name":"Test Check Distribution","Mode":"Normal","Bits":24,"Hash name":"BuzHash","Bar count":16,"Bin size":1,"X ranges":[524287,1572863,2621439,3670015,4718591,5767167,6815743,7864319,8912895,9961471,11010047,12058623,13107199,14155775,15204351,16252927],"Y mean":[9.989356994628906E-1,1.0007896423339844E0,9.992523193359375E-1,1.00091552734375E0,9.994430541992188E-1,1.0004196166992188E0,9.996833801269531E-1,1.0007438659667969E0,1.0004081726074219E0,9.998359680175781E-1,1.00067138671875E0,9.991912841796875E-1,1.0012130737304688E0,9.989547729492188E-1,1.0003929138183594E0,9.991493225097656E-1],"Y err min":[9.989356994628906E-1,1.0007896423339844E0,9.992523193359375E-1,1.00091552734375E0,9.994430541992188E-1,1.0004196166992188E0,9.996833801269531E-1,1.0007438659667969E0,1.0004081726074219E0,9.998359680175781E-1,1.00067138671875E0,9.991912841796875E-1,1.0012130737304688E0,9.989547729492188E-1,1.0003929138183594E0,9.991493225097656E-1],"Y err max":[7.001064300537109E0,7.999210357666016E0,8.000747680664062E0,8.99908447265625E0,8.000556945800781E0,7.999580383300781E0,8.000316619873047E0,8.999256134033203E0,7.999591827392578E0,9.000164031982422E0,7.99932861328125E0,9.000808715820312E0,6.998786926269531E0,8.001045227050781E0,7.999607086181641E0,7.000850677490234E0],"Y min":[0,0,0,0,0,0,0,0,0,0,0,0,0,0,0,0],"Y max":[8,9,9,10,9,9,9,10,9,10,9,10,8,9,9,8]}