{"Test name":"Test Check Distribution","Mode":"Normal","Bits":24,"Hash name":"BuzHash","Bar count":16,"Bin size":1,"X ranges":[524287,1572863,2621439,3670015,4718591,5767167,6815743,7864319,8912895,9961471,11010047,12058623,13107199,14155775,15204351,16252927],"Y mean":[9.996156692504883E-1,1.0014610290527344E0,9.984045028686523E-1,1.0004501342773438E0,1.0003643035888672E0,9.983186721801758E-1,1.0010509490966797E0,9.995107650756836E-1,1.0005559921264648E0,9.989490509033203E-1,1.0016145706176758E0,9.996356964111328E-1,9.995498657226562E-1,1.0015287399291992E0,9.985389709472656E-1,1.0004510879516602E0],"Y err min":[9.996156692504883E-1,1.0014610290527344E0,9.984045028686523E-1,1.0004501342773438E0,1.0003643035888672E0,9.983186721801758E-1,1.0010509490966797E0,9.995107650756836E-1,1.0005559921264648E0,9.989490509033203E-1,1.0016145706176758E0,9.996356964111328E-1,9.995498657226562E-1,1.0015287399291992E0,9.985389709472656E-1,1.0004510879516602E0],"Y err max":[8.000384330749512E0,6.998538970947266E0,7.001595497131348E0,6.999549865722656E0,8.999635696411133E0,8.001681327819824E0,6.99894905090332E0,7.000489234924316E0,7.999444007873535E0,8.00105094909668E0,6.998385429382324E0,8.000364303588867E0,8.000450134277344E0,6.998471260070801E0,8.001461029052734E0,7.99954891204834E0],"Y min":[0,0,0,0,0,0,0,0,0,0,0,0,0,0,0,0],"Y max":[9,8,8,8,10,9,8,8,9,9,8,9,9,8,9,9]}
