{"Test name":"Test Check Distribution","Mode":"Normal","Bits":24,"Hash name":"DJB2","Bar count":16,"Bin size":1,"X ranges":[524287,1572863,2621439,3670015,4718591,5767167,6815743,7864319,8912895,9961471,11010047,12058623,13107199,14155775,15204351,16252927],"Y mean":[1.0001134872436523E0,9.999685287475586E-1,9.998931884765625E-1,9.99974250793457E-1,9.999761581420898E-1,1.0001325607299805E0,9.999990463256836E-1,9.999704360961914E-1,9.99943733215332E-1,1.0000391006469727E0,1.0000286102294922E0,1.000009536743164E0,1.0000028610229492E0,9.998588562011719E-1,1.0001096725463867E0,9.999799728393555E-1],"Y err min":[1.0001134872436523E0,9.999685287475586E-1,9.998931884765625E-1,9.99974250793457E-1,9.999761581420898E-1,1.0001325607299805E0,9.999990463256836E-1,9.999704360961914E-1,9.99943733215332E-1,1.0000391006469727E0,1.0000286102294922E0,1.000009536743164E0,1.0000028610229492E0,9.998588562011719E-1,1.0001096725463867E0,9.999799728393555E-1],"Y err max":[6.299988651275635E1,6.300003147125244E1,6.300010681152344E1,6.300002574920654E1,6.300002384185791E1,6.299986743927002E1,6.3000000953674316E1,6.300002956390381E1,6.300005626678467E1,6.299996089935303E1,6.299997138977051E1,6.2999990463256836E1,6.299999713897705E1,6.300014114379883E1,6.299989032745361E1,6.3000020027160645E1],"Y min":[0,0,0,0,0,0,0,0,0,0,0,0,0,0,0,0],"Y max":[64,64,64,64,64,64,64,64,64,64,64,64,64,64,64,64]}