{"Test name":"Test Check Distribution","Mode":"Normal","Bits":24,"Hash name":"Fast-Hash","Bar count":16,"Bin size":1,"X ranges":[524287,1572863,2621439,3670015,4718591,5767167,6815743,7864319,8912895,9961471,11010047,12058623,13107199,14155775,15204351,16252927],"Y mean":[9.98784065246582E-1,1.0010271072387695E0,9.99298095703125E-1,1.0004892349243164E0,9.998865127563477E-1,1.0007972717285156E0,1.0011005401611328E0,1.0008525848388672E0,1.0003080368041992E0,1.0013914108276367E0,9.994487762451172E-1,9.977846145629883E-1,1.0001716613769531E0,1.0000543594360352E0,9.994955062866211E-1,9.99110221862793E-1],"Y err min":[9.98784065246582E-1,1.0010271072387695E0,9.99298095703125E-1,1.0004892349243164E0,9.998865127563477E-1,1.0007972717285156E0,1.0011005401611328E0,1.0008525848388672E0,1.0003080368041992E0,1.0013914108276367E0,9.994487762451172E-1,9.977846145629883E-1,1.0001716613769531E0,1.0000543594360352E0,9.994955062866211E-1,9.99110221862793E-1],"Y err max":[7.001215934753418E0,6.9989728927612305E0,7.000701904296875E0,7.999510765075684E0,8.000113487243652E0,6.999202728271484E0,6.998899459838867E0,7.999147415161133E0,7.999691963195801E0,7.998608589172363E0,9.000551223754883E0,9.002215385437012E0,7.999828338623047E0,6.999945640563965E0,8.000504493713379E0,8.000889778137207E0],"Y min":[0,0,0,0,0,0,0,0,0,0,0,0,0,0,0,0],"Y max":[8,8,8,9,9,8,8,9,9,9,10,10,9,8,9,9]}