{"Test name":"Test Check Distribution","Mode":"Normal","Bits":24,"Hash name":"FNV-1a","Bar count":16,"Bin size":1,"X ranges":[524287,1572863,2621439,3670015,4718591,5767167,6815743,7864319,8912895,9961471,11010047,12058623,13107199,14155775,15204351,16252927],"Y mean":[1.0001420974731445E0,9.998645782470703E-1,1.000082015991211E0,9.999027252197266E-1,1.0000228881835938E0,1.0001354217529297E0,9.997701644897461E-1,1.000213623046875E0,9.997806549072266E-1,1.000162124633789E0,9.999847412109375E-1,9.999465942382812E-1,1.0000476837158203E0,9.998416900634766E-1,1.0001716613769531E0,9.999313354492188E-1],"Y err min":[1.0001420974731445E0,9.998645782470703E-1,1.000082015991211E0,9.999027252197266E-1,1.0000228881835938E0,1.0001354217529297E0,9.997701644897461E-1,1.000213623046875E0,9.997806549072266E-1,1.000162124633789E0,9.999847412109375E-1,9.999465942382812E-1,1.0000476837158203E0,9.998416900634766E-1,1.0001716613769531E0,9.999313354492188E-1],"Y err max":[5.9998579025268555E0,6.00013542175293E0,5.999917984008789E0,6.000097274780273E0,6.999977111816406E0,6.99986457824707E0,6.000229835510254E0,5.999786376953125E0,7.000219345092773E0,5.999837875366211E0,6.0000152587890625E0,7.000053405761719E0,5.99995231628418E0,6.000158309936523E0,6.999828338623047E0,6.000068664550781E0],"Y min":[0,0,0,0,0,0,0,0,0,0,0,0,0,0,0,0],"Y max":[7,7,7,7,8,8,7,7,8,7,7,8,7,7,8,7]}