{"Test name":"Test Check Distribution","Mode":"Normal","Bits":24,"Hash name":"One at a time","Bar count":16,"Bin size":1,"X ranges":[524287,1572863,2621439,3670015,4718591,5767167,6815743,7864319,8912895,9961471,11010047,12058623,13107199,14155775,15204351,16252927],"Y mean":[9.995193481445312E-1,9.998111724853516E-1,1.0013532638549805E0,9.98469352722168E-1,1.0016555786132812E0,9.989614486694336E-1,9.984016418457031E-1,1.002039909362793E0,1.0012435913085938E0,1.0012826919555664E0,1.0009031295776367E0,9.990415573120117E-1,9.987478256225586E-1,9.99629020690918E-1,9.995012283325195E-1,9.994392395019531E-1],"Y err min":[9.995193481445312E-1,9.998111724853516E-1,1.0013532638549805E0,9.98469352722168E-1,1.0016555786132812E0,9.989614486694336E-1,9.984016418457031E-1,1.002039909362793E0,1.0012435913085938E0,1.0012826919555664E0,1.0009031295776367E0,9.990415573120117E-1,9.987478256225586E-1,9.99629020690918E-1,9.995012283325195E-1,9.994392395019531E-1],"Y err max":[7.000480651855469E0,7.000188827514648E0,6.9986467361450195E0,7.001530647277832E0,5.998344421386719E0,7.001038551330566E0,7.001598358154297E0,6.997960090637207E0,6.998756408691406E0,6.998717308044434E0,6.999096870422363E0,6.000958442687988E0,7.001252174377441E0,7.000370979309082E0,7.0004987716674805E0,6.000560760498047E0],"Y min":[0,0,0,0,0,0,0,0,0,0,0,0,0,0,0,0],"Y max":[8,8,8,8,7,8,8,8,8,8,8,7,8,8,8,7]}