{"Test name":"Test Check Distribution","Mode":"Normal","Bits":24,"Hash name":"PearsonHash","Bar count":16,"Bin size":1,"X ranges":[524287,1572863,2621439,3670015,4718591,5767167,6815743,7864319,8912895,9961471,11010047,12058623,13107199,14155775,15204351,16252927],"Y mean":[1.0007543563842773E0,9.992561340332031E-1,9.984321594238281E-1,1.0011682510375977E0,1.0002822875976562E0,1.0002117156982422E0,1.000199317932129E0,1.0013675689697266E0,9.99053955078125E-1,1.0009021759033203E0,9.993610382080078E-1,9.989547729492188E-1,9.997587203979492E-1,1.0005054473876953E0,1.0005578994750977E0,9.992341995239258E-1],"Y err min":[1.0007543563842773E0,9.992561340332031E-1,9.984321594238281E-1,1.0011682510375977E0,1.0002822875976562E0,1.0002117156982422E0,1.000199317932129E0,1.0013675689697266E0,9.99053955078125E-1,1.0009021759033203E0,9.993610382080078E-1,9.989547729492188E-1,9.997587203979492E-1,1.0005054473876953E0,1.0005578994750977E0,9.992341995239258E-1],"Y err max":[6.999245643615723E0,7.000743865966797E0,7.001567840576172E0,6.998831748962402E0,6.999717712402344E0,6.999788284301758E0,6.999800682067871E0,6.998632431030273E0,7.000946044921875E0,6.99909782409668E0,7.000638961791992E0,7.001045227050781E0,7.000241279602051E0,6.999494552612305E0,6.999442100524902E0,7.000765800476074E0],"Y min":[0,0,0,0,0,0,0,0,0,0,0,0,0,0,0,0],"Y max":[8,8,8,8,8,8,8,8,8,8,8,8,8,8,8,8]}
