{"Test name":"Test Check Distribution","Mode":"Normal","Bits":24,"Hash name":"PearsonHash","Bar count":16,"Bin size":1,"X ranges":[524287,1572863,2621439,3670015,4718591,5767167,6815743,7864319,8912895,9961471,11010047,12058623,13107199,14155775,15204351,16252927],"Y mean":[1.000147819519043E0,1.0000495910644531E0,9.996852874755859E-1,9.986982345581055E-1,9.995145797729492E-1,1.0002880096435547E0,9.996671676635742E-1,9.98600959777832E-1,1.0001611709594727E0,1.000840187072754E0,1.001591682434082E0,1.0010604858398438E0,1.0005273818969727E0,1.000319480895996E0,9.999237060546875E-1,9.989242553710938E-1],"Y err min":[1.000147819519043E0,1.0000495910644531E0,9.996852874755859E-1,9.986982345581055E-1,9.995145797729492E-1,1.0002880096435547E0,9.996671676635742E-1,9.98600959777832E-1,1.0001611709594727E0,1.000840187072754E0,1.001591682434082E0,1.0010604858398438E0,1.0005273818969727E0,1.000319480895996E0,9.999237060546875E-1,9.989242553710938E-1],"Y err max":[6.999852180480957E0,6.999950408935547E0,7.000314712524414E0,7.0013017654418945E0,7.000485420227051E0,6.999711990356445E0,7.000332832336426E0,7.001399040222168E0,6.999838829040527E0,6.999159812927246E0,6.998408317565918E0,6.998939514160156E0,6.999472618103027E0,6.999680519104004E0,7.0000762939453125E0,7.001075744628906E0],"Y min":[0,0,0,0,0,0,0,0,0,0,0,0,0,0,0,0],"Y max":[8,8,8,8,8,8,8,8,8,8,8,8,8,8,8,8]}