{"Test name":"Test Check Distribution","Mode":"Normal","Bits":24,"Hash name":"PJW","Bar count":16,"Bin size":1,"X ranges":[524287,1572863,2621439,3670015,4718591,5767167,6815743,7864319,8912895,9961471,11010047,12058623,13107199,14155775,15204351,16252927],"Y mean":[1E0,1E0,1E0,1E0,1E0,1E0,1E0,1E0,1E0,1E0,1E0,1E0,1E0,1E0,1E0,1E0],"Y err min":[1E0,1E0,1E0,1E0,1E0,1E0,1E0,1E0,1E0,1E0,1E0,1E0,1E0,1E0,1E0,1E0],"Y err max":[1.048575E6,1.048575E6,1.048575E6,1.048575E6,1.048575E6,1.048575E6,1.048575E6,1.048575E6,1.048575E6,1.048575E6,1.048575E6,1.048575E6,1.048575E6,1.048575E6,1.048575E6,1.048575E6],"Y min":[0,0,0,0,0,0,0,0,0,0,0,0,0,0,0,0],"Y max":[1048576,1048576,1048576,1048576,1048576,1048576,1048576,1048576,1048576,1048576,1048576,1048576,1048576,1048576,1048576,1048576]}
