{"Test name":"Test Check Distribution","Mode":"Normal","Bits":24,"Hash name":"SDBM","Bar count":16,"Bin size":1,"X ranges":[524287,1572863,2621439,3670015,4718591,5767167,6815743,7864319,8912895,9961471,11010047,12058623,13107199,14155775,15204351,16252927],"Y mean":[1.0000123977661133E0,1.0000009536743164E0,9.999904632568359E-1,1.0000019073486328E0,1.0000076293945312E0,1.0000085830688477E0,9.999933242797852E-1,9.999818801879883E-1,1.0000247955322266E0,9.999809265136719E-1,9.999923706054688E-1,1.0000219345092773E0,9.999904632568359E-1,9.99995231628418E-1,1.0000181198120117E0,9.999790191650391E-1],"Y err min":[1.0000123977661133E0,1.0000009536743164E0,9.999904632568359E-1,1.0000019073486328E0,1.0000076293945312E0,1.0000085830688477E0,9.999933242797852E-1,9.999818801879883E-1,1.0000247955322266E0,9.999809265136719E-1,9.999923706054688E-1,1.0000219345092773E0,9.999904632568359E-1,9.99995231628418E-1,1.0000181198120117E0,9.999790191650391E-1],"Y err max":[6.999987602233887E0,6.999999046325684E0,7.000009536743164E0,6.999998092651367E0,6.999992370605469E0,6.999991416931152E0,7.000006675720215E0,7.000018119812012E0,6.999975204467773E0,7.000019073486328E0,7.000007629394531E0,6.999978065490723E0,7.000009536743164E0,7.000004768371582E0,6.999981880187988E0,7.000020980834961E0],"Y min":[0,0,0,0,0,0,0,0,0,0,0,0,0,0,0,0],"Y max":[8,8,8,8,8,8,8,8,8,8,8,8,8,8,8,8]}