{"Test name":"Test Check Distribution","Mode":"Normal","Bits":24,"Hash name":"SpookyHash","Bar count":16,"Bin size":1,"X ranges":[524287,1572863,2621439,3670015,4718591,5767167,6815743,7864319,8912895,9961471,11010047,12058623,13107199,14155775,15204351,16252927],"Y mean":[1.0005788803100586E0,1.0012741088867188E0,9.999065399169922E-1,9.99323844909668E-1,9.998674392700195E-1,1.0007715225219727E0,9.996414184570312E-1,9.991607666015625E-1,9.980220794677734E-1,1.001032829284668E0,1.0007123947143555E0,9.999561309814453E-1,1.0007591247558594E0,1.0005712509155273E0,9.989652633666992E-1,9.994564056396484E-1],"Y err min":[1.0005788803100586E0,1.0012741088867188E0,9.999065399169922E-1,9.99323844909668E-1,9.998674392700195E-1,1.0007715225219727E0,9.996414184570312E-1,9.991607666015625E-1,9.980220794677734E-1,1.001032829284668E0,1.0007123947143555E0,9.999561309814453E-1,1.0007591247558594E0,1.0005712509155273E0,9.989652633666992E-1,9.994564056396484E-1],"Y err max":[6.999421119689941E0,6.998725891113281E0,8.000093460083008E0,8.000676155090332E0,8.00013256072998E0,7.999228477478027E0,9.000358581542969E0,8.000839233398438E0,8.001977920532227E0,7.998967170715332E0,8.999287605285645E0,7.000043869018555E0,7.999240875244141E0,7.999428749084473E0,9.0010347366333E0,7.000543594360352E0],"Y min":[0,0,0,0,0,0,0,0,0,0,0,0,0,0,0,0],"Y max":[8,8,9,9,9,9,10,9,9,9,10,8,9,9,10,8]}