{"Test name":"Test Check Distribution","Mode":"Bins","Bits":32,"Hash name":"BuzHash","Bar count":16,"Bin size":32,"X ranges":[134217712,402653168,671088624,939524080,1207959536,1476394992,1744830448,2013265904,2281701360,2550136816,2818572272,3087007728,3355443184,3623878640,3892314096,4160749552],"Y mean":[3.1999224185943604E1,3.200059914588928E1,3.200106620788574E1,3.200058388710022E1,3.1999712467193604E1,3.199960207939148E1,3.1999363899230957E1,3.19986732006073E1,3.1999615907669067E1,3.1999594688415527E1,3.1999353647232056E1,3.1999878406524658E1,3.200178503990173E1,3.1999820709228516E1,3.1999741315841675E1,3.200138521194458E1],"Y err min":[2.5999224185943604E1,2.4000599145889282E1,2.4001066207885742E1,2.600058388710022E1,2.4999712467193604E1,2.399960207939148E1,2.6999363899230957E1,2.49986732006073E1,2.8999615907669067E1,2.4999594688415527E1,2.5999353647232056E1,2.5999878406524658E1,2.4001785039901733E1,2.2999820709228516E1,2.4999741315841675E1,2.500138521194458E1],"Y err max":[3.50007758140564E1,3.299940085411072E1,3.399893379211426E1,3.199941611289978E1,3.40002875328064E1,3.200039792060852E1,3.400063610076904E1,3.50013267993927E1,3.1000384092330933E1,3.400040531158447E1,3.3000646352767944E1,3.400012159347534E1,3.299821496009827E1,3.3000179290771484E1,3.2000258684158325E1,3.499861478805542E1],"Y min":[6,8,8,6,7,8,5,7,3,7,6,6,8,9,7,7],"Y max":[67,65,66,64,66,64,66,67,63,66,65,66,65,65,64,67]}