{"Test name":"Test Check Distribution","Mode":"Mask","Bits":32,"Hash name":"CityHash32","Bar count":16,"Bin size":1,"X ranges":[524287,1572863,2621439,3670015,4718591,5767167,6815743,7864319,8912895,9961471,11010047,12058623,13107199,14155775,15204351,16252927],"Y mean":[1.0009994506835938E0,1.0011053085327148E0,9.9920654296875E-1,9.997434616088867E-1,9.985847473144531E-1,9.998435974121094E-1,1.0009117126464844E0,1.0004549026489258E0,9.998655319213867E-1,1.0000333786010742E0,9.988117218017578E-1,1.000065803527832E0,1.0015459060668945E0,9.997930526733398E-1,9.999217987060547E-1,9.991130828857422E-1],"Y err min":[1.0009994506835938E0,1.0011053085327148E0,9.9920654296875E-1,9.997434616088867E-1,9.985847473144531E-1,9.998435974121094E-1,1.0009117126464844E0,1.0004549026489258E0,9.998655319213867E-1,1.0000333786010742E0,9.988117218017578E-1,1.000065803527832E0,1.0015459060668945E0,9.997930526733398E-1,9.999217987060547E-1,9.991130828857422E-1],"Y err max":[7.999000549316406E0,7.998894691467285E0,7.00079345703125E0,8.000256538391113E0,7.001415252685547E0,7.000156402587891E0,6.999088287353516E0,6.999545097351074E0,7.000134468078613E0,7.999966621398926E0,1.0001188278198242E1,7.999934196472168E0,6.9984540939331055E0,7.00020694732666E0,8.000078201293945E0,9.000886917114258E0],"Y min":[0,0,0,0,0,0,0,0,0,0,0,0,0,0,0,0],"Y max":[9,9,8,9,8,8,8,8,8,9,11,9,8,8,9,10]}