{"Test name":"Test Check Distribution","Mode":"Bins","Bits":32,"Hash name":"DJB2","Bar count":16,"Bin size":32,"X ranges":[134217712,402653168,671088624,939524080,1207959536,1476394992,1744830448,2013265904,2281701360,2550136816,2818572272,3087007728,3355443184,3623878640,3892314096,4160749552],"Y mean":[3.199978542327881E1,3.200019693374634E1,3.2000057220458984E1,3.199979031085968E1,3.1999964356422424E1,3.2000009059906006E1,3.200018084049225E1,3.1999876976013184E1,3.199977672100067E1,3.200023603439331E1,3.2000112891197205E1,3.1999950528144836E1,3.2000033020973206E1,3.1999993562698364E1,3.200003409385681E1,3.200000202655792E1],"Y err min":[3.199978542327881E1,3.200019693374634E1,3.2000057220458984E1,3.199979031085968E1,3.1999964356422424E1,3.2000009059906006E1,3.200018084049225E1,3.1999876976013184E1,3.199977672100067E1,3.200023603439331E1,3.2000112891197205E1,3.1999950528144836E1,3.2000033020973206E1,3.1999993562698364E1,3.200003409385681E1,3.200000202655792E1],"Y err max":[4.800002145767212E2,4.7999980306625366E2,4.79999942779541E2,4.800002096891403E2,4.800000356435776E2,4.79999990940094E2,4.7999981915950775E2,4.800001230239868E2,4.8000022327899933E2,4.799997639656067E2,4.799998871088028E2,4.8000004947185516E2,4.799999669790268E2,4.8000000643730164E2,4.799999659061432E2,4.799999979734421E2],"Y min":[0,0,0,0,0,0,0,0,0,0,0,0,0,0,0,0],"Y max":[512,512,512,512,512,512,512,512,512,512,512,512,512,512,512,512]}