{"Test name":"Test Check Distribution","Mode":"Mask","Bits":32,"Hash name":"FarmHash32","Bar count":16,"Bin size":1,"X ranges":[524287,1572863,2621439,3670015,4718591,5767167,6815743,7864319,8912895,9961471,11010047,12058623,13107199,14155775,15204351,16252927],"Y mean":[1.001317024230957E0,1.0012073516845703E0,1.000244140625E0,1.000767707824707E0,1.0001649856567383E0,9.985456466674805E-1,9.991598129272461E-1,1.0001220703125E0,1.000065803527832E0,1.0005168914794922E0,1.000722885131836E0,1.000762939453125E0,9.998054504394531E-1,9.983901977539062E-1,9.992008209228516E-1,9.990062713623047E-1],"Y err min":[1.001317024230957E0,1.0012073516845703E0,1.000244140625E0,1.000767707824707E0,1.0001649856567383E0,9.985456466674805E-1,9.991598129272461E-1,1.0001220703125E0,1.000065803527832E0,1.0005168914794922E0,1.000722885131836E0,1.000762939453125E0,9.998054504394531E-1,9.983901977539062E-1,9.992008209228516E-1,9.990062713623047E-1],"Y err max":[7.998682975769043E0,7.99879264831543E0,7.999755859375E0,6.999232292175293E0,7.999835014343262E0,7.0014543533325195E0,8.000840187072754E0,6.9998779296875E0,6.999934196472168E0,7.999483108520508E0,7.999277114868164E0,6.999237060546875E0,7.000194549560547E0,8.001609802246094E0,7.000799179077148E0,8.000993728637695E0],"Y min":[0,0,0,0,0,0,0,0,0,0,0,0,0,0,0,0],"Y max":[9,9,9,8,9,8,9,8,8,9,9,8,8,9,8,9]}