{"Test name":"Test Check Distribution","Mode":"Bins","Bits":32,"Hash name":"Fast-Hash","Bar count":16,"Bin size":32,"X ranges":[134217712,402653168,671088624,939524080,1207959536,1476394992,1744830448,2013265904,2281701360,2550136816,2818572272,3087007728,3355443184,3623878640,3892314096,4160749552],"Y mean":[3.199846386909485E1,3.200280296802521E1,3.200119888782501E1,3.1999529123306274E1,3.2002766728401184E1,3.200083410739899E1,3.2003090500831604E1,3.199911391735077E1,3.1999470233917236E1,3.2000776052474976E1,3.1994812488555908E1,3.2000430941581726E1,3.200165545940399E1,3.199840748310089E1,3.1999117255210876E1,3.1997529983520508E1],"Y err min":[2.499846386909485E1,2.4002802968025208E1,2.6001198887825012E1,2.3999529123306274E1,2.5002766728401184E1,2.6000834107398987E1,2.4003090500831604E1,2.599911391735077E1,2.5999470233917236E1,2.5000776052474976E1,2.2994812488555908E1,2.5000430941581726E1,2.500165545940399E1,2.399840748310089E1,2.6999117255210876E1,2.6997529983520508E1],"Y err max":[3.200153613090515E1,3.499719703197479E1,3.299880111217499E1,3.3000470876693726E1,3.3997233271598816E1,3.299916589260101E1,3.3996909499168396E1,3.400088608264923E1,3.4000529766082764E1,3.0999223947525024E1,3.300518751144409E1,3.2999569058418274E1,3.399834454059601E1,3.200159251689911E1,3.400088274478912E1,3.600247001647949E1],"Y min":[7,8,6,8,7,6,8,6,6,7,9,7,7,8,5,5],"Y max":[64,67,65,65,66,65,66,66,66,63,65,65,66,64,66,68]}