{"Test name":"Test Check Distribution","Mode":"Bins","Bits":32,"Hash name":"FNV-1a","Bar count":16,"Bin size":32,"X ranges":[134217712,402653168,671088624,939524080,1207959536,1476394992,1744830448,2013265904,2281701360,2550136816,2818572272,3087007728,3355443184,3623878640,3892314096,4160749552],"Y mean":[3.1999794840812683E1,3.1999823212623596E1,3.1999977111816406E1,3.200014817714691E1,3.200018751621246E1,3.20001494884491E1,3.200006604194641E1,3.1999902486801147E1,3.199979555606842E1,3.1999818801879883E1,3.199998664855957E1,3.200010287761688E1,3.200014793872833E1,3.200013864040375E1,3.2000051617622375E1,3.1999909043312073E1],"Y err min":[2.9999794840812683E1,2.9999823212623596E1,2.9999977111816406E1,3.000014817714691E1,3.0000187516212463E1,3.0000149488449097E1,3.000006604194641E1,2.9999902486801147E1,2.999979555606842E1,2.9999818801879883E1,2.999998664855957E1,3.0000102877616882E1,3.0000147938728333E1,3.0000138640403748E1,3.0000051617622375E1,2.9999909043312073E1],"Y err max":[5.100020515918732E1,5.1000176787376404E1,5.1000022888183594E1,5.099985182285309E1,5.199981248378754E1,5.19998505115509E1,5.099993395805359E1,5.100009751319885E1,5.200020444393158E1,5.100018119812012E1,5.100001335144043E1,5.099989712238312E1,5.199985206127167E1,5.199986135959625E1,5.0999948382377625E1,5.100009095668793E1],"Y min":[2,2,2,2,2,2,2,2,2,2,2,2,2,2,2,2],"Y max":[83,83,83,83,84,84,83,83,84,83,83,83,84,84,83,83]}