{"Test name":"Test Check Distribution","Mode":"Mask","Bits":32,"Hash name":"MurmurHash2A","Bar count":16,"Bin size":1,"X ranges":[524287,1572863,2621439,3670015,4718591,5767167,6815743,7864319,8912895,9961471,11010047,12058623,13107199,14155775,15204351,16252927],"Y mean":[1.0000495910644531E0,9.986114501953125E-1,9.991226196289062E-1,1.0004940032958984E0,9.989404678344727E-1,9.992227554321289E-1,1.0003776550292969E0,9.992380142211914E-1,1.0009584426879883E0,9.990949630737305E-1,9.996500015258789E-1,1.0008440017700195E0,1.0012321472167969E0,1.000741958618164E0,1.0004291534423828E0,1.000992774963379E0],"Y err min":[1.0000495910644531E0,9.986114501953125E-1,9.991226196289062E-1,1.0004940032958984E0,9.989404678344727E-1,9.992227554321289E-1,1.0003776550292969E0,9.992380142211914E-1,1.0009584426879883E0,9.990949630737305E-1,9.996500015258789E-1,1.0008440017700195E0,1.0012321472167969E0,1.000741958618164E0,1.0004291534423828E0,1.000992774963379E0],"Y err max":[7.999950408935547E0,8.001388549804688E0,8.000877380371094E0,7.999505996704102E0,7.001059532165527E0,8.000777244567871E0,7.999622344970703E0,8.000761985778809E0,7.999041557312012E0,7.0009050369262695E0,8.000349998474121E0,7.9991559982299805E0,9.998767852783203E0,9.999258041381836E0,7.999570846557617E0,6.999007225036621E0],"Y min":[0,0,0,0,0,0,0,0,0,0,0,0,0,0,0,0],"Y max":[9,9,9,9,8,9,9,9,9,8,9,9,11,11,9,8]}