{"Test name":"Test Check Distribution","Mode":"Mask","Bits":32,"Hash name":"MurmurHash1","Bar count":16,"Bin size":1,"X ranges":[524287,1572863,2621439,3670015,4718591,5767167,6815743,7864319,8912895,9961471,11010047,12058623,13107199,14155775,15204351,16252927],"Y mean":[1.0018978118896484E0,9.982089996337891E-1,1.0005264282226562E0,9.998588562011719E-1,9.994297027587891E-1,9.988040924072266E-1,1.0003252029418945E0,1.0002307891845703E0,9.996967315673828E-1,9.990444183349609E-1,9.996414184570312E-1,9.996891021728516E-1,1.0009660720825195E0,1.000753402709961E0,1.0003728866577148E0,1.000554084777832E0],"Y err min":[1.0018978118896484E0,9.982089996337891E-1,1.0005264282226562E0,9.998588562011719E-1,9.994297027587891E-1,9.988040924072266E-1,1.0003252029418945E0,1.0002307891845703E0,9.996967315673828E-1,9.990444183349609E-1,9.996414184570312E-1,9.996891021728516E-1,1.0009660720825195E0,1.000753402709961E0,1.0003728866577148E0,1.000554084777832E0],"Y err max":[7.998102188110352E0,8.001791000366211E0,6.999473571777344E0,7.000141143798828E0,8.000570297241211E0,7.001195907592773E0,7.9996747970581055E0,6.99976921081543E0,7.000303268432617E0,8.000955581665039E0,9.000358581542969E0,8.000310897827148E0,7.9990339279174805E0,6.999246597290039E0,7.999627113342285E0,7.999445915222168E0],"Y min":[0,0,0,0,0,0,0,0,0,0,0,0,0,0,0,0],"Y max":[9,9,8,8,9,8,9,8,8,9,10,9,9,8,9,9]}