{"Test name":"Test Check Distribution","Mode":"Mask","Bits":32,"Hash name":"MurmurHash2","Bar count":16,"Bin size":1,"X ranges":[524287,1572863,2621439,3670015,4718591,5767167,6815743,7864319,8912895,9961471,11010047,12058623,13107199,14155775,15204351,16252927],"Y mean":[9.992094039916992E-1,9.998970031738281E-1,1.000162124633789E0,9.973878860473633E-1,9.997720718383789E-1,1.0000791549682617E0,9.999933242797852E-1,1.0006322860717773E0,9.988193511962891E-1,1.0014533996582031E0,1.0003471374511719E0,1.001638412475586E0,9.993076324462891E-1,1.0010318756103516E0,1.0003719329833984E0,9.998970031738281E-1],"Y err min":[9.992094039916992E-1,9.998970031738281E-1,1.000162124633789E0,9.973878860473633E-1,9.997720718383789E-1,1.0000791549682617E0,9.999933242797852E-1,1.0006322860717773E0,9.988193511962891E-1,1.0014533996582031E0,1.0003471374511719E0,1.001638412475586E0,9.993076324462891E-1,1.0010318756103516E0,1.0003719329833984E0,9.998970031738281E-1],"Y err max":[9.0007905960083E0,8.000102996826172E0,7.999837875366211E0,8.002612113952637E0,8.000227928161621E0,7.999920845031738E0,7.000006675720215E0,6.999367713928223E0,8.001180648803711E0,6.998546600341797E0,6.999652862548828E0,7.998361587524414E0,8.000692367553711E0,8.998968124389648E0,7.999628067016602E0,8.000102996826172E0],"Y min":[0,0,0,0,0,0,0,0,0,0,0,0,0,0,0,0],"Y max":[10,9,9,9,9,9,8,8,9,8,8,9,9,10,9,9]}