{"Test name":"Test Check Distribution","Mode":"Mask","Bits":32,"Hash name":"MurmurHash3","Bar count":16,"Bin size":1,"X ranges":[524287,1572863,2621439,3670015,4718591,5767167,6815743,7864319,8912895,9961471,11010047,12058623,13107199,14155775,15204351,16252927],"Y mean":[1.0007572174072266E0,9.995155334472656E-1,9.991970062255859E-1,1.000870704650879E0,1.0005216598510742E0,1.0008363723754883E0,1.0002946853637695E0,1.0009279251098633E0,1.0012140274047852E0,9.997158050537109E-1,9.993658065795898E-1,9.978847503662109E-1,9.996328353881836E-1,9.99110221862793E-1,9.990940093994141E-1,1.0010614395141602E0],"Y err min":[1.0007572174072266E0,9.995155334472656E-1,9.991970062255859E-1,1.000870704650879E0,1.0005216598510742E0,1.0008363723754883E0,1.0002946853637695E0,1.0009279251098633E0,1.0012140274047852E0,9.997158050537109E-1,9.993658065795898E-1,9.978847503662109E-1,9.996328353881836E-1,9.99110221862793E-1,9.990940093994141E-1,1.0010614395141602E0],"Y err max":[7.999242782592773E0,8.000484466552734E0,7.000802993774414E0,7.999129295349121E0,7.999478340148926E0,8.999163627624512E0,7.9997053146362305E0,6.999072074890137E0,7.998785972595215E0,7.000284194946289E0,7.00063419342041E0,8.002115249633789E0,7.000367164611816E0,8.000889778137207E0,7.000905990600586E0,7.99893856048584E0],"Y min":[0,0,0,0,0,0,0,0,0,0,0,0,0,0,0,0],"Y max":[9,9,8,9,9,10,9,8,9,8,8,9,8,9,8,9]}