{"Test name":"Test Check Distribution","Mode":"Bins","Bits":32,"Hash name":"One at a time","Bar count":16,"Bin size":32,"X ranges":[134217712,402653168,671088624,939524080,1207959536,1476394992,1744830448,2013265904,2281701360,2550136816,2818572272,3087007728,3355443184,3623878640,3892314096,4160749552],"Y mean":[3.1996806025505066E1,3.200051152706146E1,3.1997794032096863E1,3.2003687620162964E1,3.1996066212654114E1,3.200287079811096E1,3.199937641620636E1,3.200084328651428E1,3.200570476055145E1,3.2002745389938354E1,3.1997666358947754E1,3.200294601917267E1,3.20001403093338E1,3.199530565738678E1,3.1995935559272766E1,3.200160002708435E1],"Y err min":[3.0996806025505066E1,3.200051152706146E1,3.1997794032096863E1,3.2003687620162964E1,3.1996066212654114E1,3.200287079811096E1,3.099937641620636E1,3.200084328651428E1,3.200570476055145E1,3.1002745389938354E1,3.1997666358947754E1,3.200294601917267E1,3.20001403093338E1,3.199530565738678E1,3.1995935559272766E1,3.100160002708435E1],"Y err max":[5.7003193974494934E1,6.399948847293854E1,6.400220596790314E1,6.1996312379837036E1,5.8003933787345886E1,5.899712920188904E1,5.500062358379364E1,6.199915671348572E1,5.899429523944855E1,5.8997254610061646E1,5.7002333641052246E1,5.999705398082733E1,5.79998596906662E1,6.100469434261322E1,5.8004064440727234E1,6.299839997291565E1],"Y min":[1,0,0,0,0,0,1,0,0,1,0,0,0,0,0,1],"Y max":[89,96,96,94,90,91,87,94,91,91,89,92,90,93,90,95]}