{"Test name":"Test Check Distribution","Mode":"Bins","Bits":32,"Hash name":"SDBM","Bar count":16,"Bin size":32,"X ranges":[134217712,402653168,671088624,939524080,1207959536,1476394992,1744830448,2013265904,2281701360,2550136816,2818572272,3087007728,3355443184,3623878640,3892314096,4160749552],"Y mean":[3.1999998927116394E1,3.200000488758087E1,3.1999998331069946E1,3.200000536441803E1,3.200000739097595E1,3.200000274181366E1,3.199999964237213E1,3.200000476837158E1,3.200000357627869E1,3.1999993443489075E1,3.19999977350235E1,3.1999995708465576E1,3.1999995708465576E1,3.1999993920326233E1,3.2000001549720764E1,3.1999996304512024E1],"Y err min":[1.1999998927116394E1,1.2000004887580872E1,1.1999998331069946E1,1.200000536441803E1,1.2000007390975952E1,1.200000274181366E1,1.1999999642372131E1,1.2000004768371582E1,1.2000003576278687E1,1.1999993443489075E1,1.1999997735023499E1,1.1999995708465576E1,1.1999995708465576E1,1.1999993920326233E1,1.2000001549720764E1,1.1999996304512024E1],"Y err max":[1.5000001072883606E1,1.4999995112419128E1,1.5000001668930054E1,1.499999463558197E1,1.4999992609024048E1,1.499999725818634E1,1.5000000357627869E1,1.4999995231628418E1,1.4999996423721313E1,1.5000006556510925E1,1.5000002264976501E1,1.5000004291534424E1,1.5000004291534424E1,1.5000006079673767E1,1.4999998450279236E1,1.5000003695487976E1],"Y min":[20,20,20,20,20,20,20,20,20,20,20,20,20,20,20,20],"Y max":[47,47,47,47,47,47,47,47,47,47,47,47,47,47,47,47]}