{"Test name":"Test Check Distribution","Mode":"Bins","Bits":32,"Hash name":"SpookyHash","Bar count":16,"Bin size":32,"X ranges":[134217712,402653168,671088624,939524080,1207959536,1476394992,1744830448,2013265904,2281701360,2550136816,2818572272,3087007728,3355443184,3623878640,3892314096,4160749552],"Y mean":[3.199794030189514E1,3.199898052215576E1,3.19959557056427E1,3.200089168548584E1,3.2000927567481995E1,3.200199210643768E1,3.2001720547676086E1,3.1998376965522766E1,3.1997697830200195E1,3.1998937368392944E1,3.1999999165534973E1,3.200431036949158E1,3.2003533601760864E1,3.200159466266632E1,3.1998978853225708E1,3.1998162746429443E1],"Y err min":[2.399794030189514E1,2.399898052215576E1,2.49959557056427E1,2.400089168548584E1,2.7000927567481995E1,2.6001992106437683E1,2.5001720547676086E1,2.4998376965522766E1,2.3997697830200195E1,2.4998937368392944E1,2.3999999165534973E1,2.4004310369491577E1,2.6003533601760864E1,2.600159466266632E1,2.3998978853225708E1,2.5998162746429443E1],"Y err max":[3.600205969810486E1,3.300101947784424E1,3.20040442943573E1,3.399910831451416E1,3.6999072432518005E1,3.599800789356232E1,3.5998279452323914E1,3.2001623034477234E1,3.6002302169799805E1,3.4001062631607056E1,3.200000083446503E1,3.399568963050842E1,3.3996466398239136E1,3.299840533733368E1,3.400102114677429E1,3.900183725357056E1],"Y min":[8,8,7,8,5,6,7,7,8,7,8,8,6,6,8,6],"Y max":[68,65,64,66,69,68,68,64,68,66,64,66,66,65,66,71]}