{"Test name":"Test Check Distribution","Mode":"Bins","Bits":32,"Hash name":"SuperFastHash","Bar count":16,"Bin size":32,"X ranges":[134217712,402653168,671088624,939524080,1207959536,1476394992,1744830448,2013265904,2281701360,2550136816,2818572272,3087007728,3355443184,3623878640,3892314096,4160749552],"Y mean":[3.938459265232086E1,3.15077486038208E1,3.150762641429901E1,3.150768268108368E1,3.1507810831069946E1,3.1507693767547607E1,3.150749170780182E1,3.1507694244384766E1,3.1507861018180847E1,3.150757348537445E1,3.1507811427116394E1,3.1507486701011658E1,3.1507521510124207E1,3.150777280330658E1,3.1507888913154602E1,3.150774323940277E1],"Y err min":[2.4384592652320862E1,1.55077486038208E1,1.650762641429901E1,1.650768268108368E1,1.4507810831069946E1,1.5507693767547607E1,1.3507491707801819E1,1.7507694244384766E1,1.6507861018180847E1,1.450757348537445E1,1.6507811427116394E1,1.5507486701011658E1,1.6507521510124207E1,1.550777280330658E1,1.5507888913154602E1,1.3507743239402771E1],"Y err max":[3.961540734767914E1,1.74922513961792E1,1.749237358570099E1,1.749231731891632E1,1.7492189168930054E1,1.7492306232452393E1,1.649250829219818E1,1.6492305755615234E1,1.6492138981819153E1,1.649242651462555E1,1.7492188572883606E1,1.7492513298988342E1,1.8492478489875793E1,1.649222719669342E1,1.8492111086845398E1,1.5492256760597229E1],"Y min":[15,16,15,15,17,16,18,14,15,17,15,16,15,16,16,18],"Y max":[79,49,49,49,49,49,48,48,48,48,49,49,50,48,50,47]}