{"Test name":"Test Check Distribution","Mode":"Mask","Bits":32,"Hash name":"SuperFastHash","Bar count":16,"Bin size":1,"X ranges":[524287,1572863,2621439,3670015,4718591,5767167,6815743,7864319,8912895,9961471,11010047,12058623,13107199,14155775,15204351,16252927],"Y mean":[9.98530387878418E-1,1.0004520416259766E0,9.994993209838867E-1,9.999065399169922E-1,9.997644424438477E-1,1.0002450942993164E0,9.998588562011719E-1,1.0000591278076172E0,9.997978210449219E-1,1.000319480895996E0,1.0003576278686523E0,9.985427856445312E-1,1.0011415481567383E0,9.999313354492188E-1,1.001119613647461E0,1.000473976135254E0],"Y err min":[9.98530387878418E-1,1.0004520416259766E0,9.994993209838867E-1,9.999065399169922E-1,9.997644424438477E-1,1.0002450942993164E0,9.998588562011719E-1,1.0000591278076172E0,9.997978210449219E-1,1.000319480895996E0,1.0003576278686523E0,9.985427856445312E-1,1.0011415481567383E0,9.999313354492188E-1,1.001119613647461E0,1.000473976135254E0],"Y err max":[8.001469612121582E0,7.999547958374023E0,7.000500679016113E0,7.000093460083008E0,8.000235557556152E0,6.999754905700684E0,8.000141143798828E0,7.999940872192383E0,8.000202178955078E0,6.999680519104004E0,7.999642372131348E0,7.001457214355469E0,8.998858451843262E0,8.000068664550781E0,7.998880386352539E0,7.999526023864746E0],"Y min":[0,0,0,0,0,0,0,0,0,0,0,0,0,0,0,0],"Y max":[9,9,8,8,9,8,9,9,9,8,9,8,10,9,9,9]}