{"Test name":"Test Check Distribution","Mode":"Mask","Bits":32,"Hash name":"T1HA0 32be","Bar count":16,"Bin size":1,"X ranges":[524287,1572863,2621439,3670015,4718591,5767167,6815743,7864319,8912895,9961471,11010047,12058623,13107199,14155775,15204351,16252927],"Y mean":[9.99476432800293E-1,9.997949600219727E-1,9.99608039855957E-1,1.0017004013061523E0,1.0010337829589844E0,9.982786178588867E-1,1.0006475448608398E0,9.996147155761719E-1,9.99140739440918E-1,9.983606338500977E-1,1.0006074905395508E0,1.0005817413330078E0,9.995384216308594E-1,9.994087219238281E-1,1.0008792877197266E0,1.001328468322754E0],"Y err min":[9.99476432800293E-1,9.997949600219727E-1,9.99608039855957E-1,1.0017004013061523E0,1.0010337829589844E0,9.982786178588867E-1,1.0006475448608398E0,9.996147155761719E-1,9.99140739440918E-1,9.983606338500977E-1,1.0006074905395508E0,1.0005817413330078E0,9.995384216308594E-1,9.994087219238281E-1,1.0008792877197266E0,1.001328468322754E0],"Y err max":[9.000523567199707E0,7.000205039978027E0,8.000391960144043E0,7.998299598693848E0,6.998966217041016E0,8.001721382141113E0,7.99935245513916E0,9.000385284423828E0,7.000859260559082E0,9.001639366149902E0,8.99939250946045E0,8.999418258666992E0,9.00046157836914E0,8.000591278076172E0,6.999120712280273E0,7.998671531677246E0],"Y min":[0,0,0,0,0,0,0,0,0,0,0,0,0,0,0,0],"Y max":[10,8,9,9,8,9,9,10,8,10,10,10,10,9,8,9]}