{"Test name":"Test Check Distribution","Mode":"Mask","Bits":32,"Hash name":"T1HA0 32le","Bar count":16,"Bin size":1,"X ranges":[524287,1572863,2621439,3670015,4718591,5767167,6815743,7864319,8912895,9961471,11010047,12058623,13107199,14155775,15204351,16252927],"Y mean":[1.0012083053588867E0,9.976110458374023E-1,1.0018749237060547E0,1.000441551208496E0,9.99180793762207E-1,1.000558853149414E0,1.0002193450927734E0,1.000009536743164E0,1.001204490661621E0,9.994125366210938E-1,9.984674453735352E-1,9.986152648925781E-1,1.0009870529174805E0,1.0001649856567383E0,9.995861053466797E-1,1.000457763671875E0],"Y err min":[1.0012083053588867E0,9.976110458374023E-1,1.0018749237060547E0,1.000441551208496E0,9.99180793762207E-1,1.000558853149414E0,1.0002193450927734E0,1.000009536743164E0,1.001204490661621E0,9.994125366210938E-1,9.984674453735352E-1,9.986152648925781E-1,1.0009870529174805E0,1.0001649856567383E0,9.995861053466797E-1,1.000457763671875E0],"Y err max":[6.998791694641113E0,8.002388954162598E0,7.998125076293945E0,8.999558448791504E0,8.000819206237793E0,7.999441146850586E0,7.999780654907227E0,7.999990463256836E0,6.998795509338379E0,8.000587463378906E0,7.001532554626465E0,8.001384735107422E0,7.9990129470825195E0,7.999835014343262E0,8.00041389465332E0,7.999542236328125E0],"Y min":[0,0,0,0,0,0,0,0,0,0,0,0,0,0,0,0],"Y max":[8,9,9,10,9,9,9,9,8,9,8,9,9,9,9,9]}