{"Test name":"Test Check Distribution","Mode":"Bins","Bits":32,"Hash name":"T1HA0 32be","Bar count":16,"Bin size":32,"X ranges":[134217712,402653168,671088624,939524080,1207959536,1476394992,1744830448,2013265904,2281701360,2550136816,2818572272,3087007728,3355443184,3623878640,3892314096,4160749552],"Y mean":[3.199940526485443E1,3.200243306159973E1,3.200276303291321E1,3.199786078929901E1,3.1998183488845825E1,3.200062644481659E1,3.19983491897583E1,3.1998523712158203E1,3.200002408027649E1,3.199876356124878E1,3.200182044506073E1,3.200286388397217E1,3.1997580885887146E1,3.2003281116485596E1,3.1999772429466248E1,3.1997748613357544E1],"Y err min":[2.399940526485443E1,2.600243306159973E1,2.4002763032913208E1,2.499786078929901E1,2.3998183488845825E1,2.400062644481659E1,2.39983491897583E1,2.5998523712158203E1,2.400002408027649E1,2.399876356124878E1,2.600182044506073E1,2.4002863883972168E1,2.5997580885887146E1,2.4003281116485596E1,2.4999772429466248E1,2.4997748613357544E1],"Y err max":[3.300059473514557E1,3.499756693840027E1,3.299723696708679E1,3.400213921070099E1,3.5001816511154175E1,3.599937355518341E1,3.40016508102417E1,3.30014762878418E1,3.299997591972351E1,3.400123643875122E1,3.299817955493927E1,3.299713611602783E1,3.3002419114112854E1,3.2996718883514404E1,3.400022757053375E1,3.2002251386642456E1],"Y min":[8,6,8,7,8,8,8,6,8,8,6,8,6,8,7,7],"Y max":[65,67,65,66,67,68,66,65,65,66,65,65,65,65,66,64]}