{"Test name":"Test Check Distribution","Mode":"Mask","Bits":32,"Hash name":"xxHash32","Bar count":16,"Bin size":1,"X ranges":[524287,1572863,2621439,3670015,4718591,5767167,6815743,7864319,8912895,9961471,11010047,12058623,13107199,14155775,15204351,16252927],"Y mean":[1.0001955032348633E0,1.0009727478027344E0,9.993476867675781E-1,9.997854232788086E-1,1.0009727478027344E0,1.0018024444580078E0,9.989767074584961E-1,9.999666213989258E-1,1.0003538131713867E0,1.0005378723144531E0,9.991693496704102E-1,9.986934661865234E-1,9.995365142822266E-1,9.996604919433594E-1,1.0000133514404297E0,1.0000152587890625E0],"Y err min":[1.0001955032348633E0,1.0009727478027344E0,9.993476867675781E-1,9.997854232788086E-1,1.0009727478027344E0,1.0018024444580078E0,9.989767074584961E-1,9.999666213989258E-1,1.0003538131713867E0,1.0005378723144531E0,9.991693496704102E-1,9.986934661865234E-1,9.995365142822266E-1,9.996604919433594E-1,1.0000133514404297E0,1.0000152587890625E0],"Y err max":[7.999804496765137E0,7.999027252197266E0,8.000652313232422E0,8.000214576721191E0,8.999027252197266E0,6.998197555541992E0,7.001023292541504E0,7.000033378601074E0,6.999646186828613E0,7.999462127685547E0,8.00083065032959E0,8.001306533813477E0,7.000463485717773E0,9.00033950805664E0,7.99998664855957E0,6.9999847412109375E0],"Y min":[0,0,0,0,0,0,0,0,0,0,0,0,0,0,0,0],"Y max":[9,9,9,9,10,8,8,8,8,9,9,9,8,10,9,8]}